,,revenue,operating_cost,total_operate_cost,parent_net_profit,deduct_parent_net_profit,net_profit,total_profit,income_tax,operating_profit,manage_expense,asset_impairment,credit_impairment,other_income,invest_income,fairvalue_change,asset_disposal,minority_interest,netcash_operate,netcash_invest,netcash_finance,total_operate_inflow,total_operate_outflow,construct_long_asset,receive_other_operate,depr_fa,amort_ia,amort_lpe,amort_ia_lpe,amort_rou,impairment_provision,operate_rece_reduce,operate_payable_add,disposal_longasset_loss,defer_tax,total_assets,total_liabilities,total_equity,total_parent_equity,minority_equity,fixed_asset,goodwill,cash_conversion_naive,cash_conversion_adjusted,gross_margin,net_margin,deduct_net_margin,nonrecurring_ratio,effective_tax_rate,dep_to_revenue,free_cash_flow,minority_ratio
2011,3,20701401000.0,10882540000.0,10882540000.0,7687182000.0,7603896000.0,7745077000.0,9924443000.0,2179366000.0,9818861000.0,7957965000.0,1239963000.0,,,277211000.0,-15650000.0,,57895000.0,17861633000.0,-34271334000.0,5866224000.0,223458858000.0,205597225000.0,350971000.0,1981977000.0,,,,,,,,,,,1207212499000.0,1135526235000.0,71686264000.0,69707946000.0,1978318000.0,3406765000.0,7568304000.0,2.3061917912501064,,0.47430900932743636,0.37133631680290624,0.367313110837281,0.010834399393691992,0.21959579998595388,,17510662000.0,0.007475070938610423
2011,4,29643061000.0,16510360000.0,16510360000.0,10278631000.0,10179272000.0,10390491000.0,13257489000.0,2866998000.0,13132701000.0,11855442000.0,2148574000.0,,,284753000.0,6005000.0,,111860000.0,-14439373000.0,8837272000.0,5777857000.0,299272651000.0,313712024000.0,849801000.0,4334376000.0,467599000.0,286890000.0,165949000.0,452839000.0,,2148574000.0,-235443537000.0,213713502000.0,-2468000.0,-742671000.0,1258176944000.0,1182796360000.0,75380584000.0,73310837000.0,2069747000.0,3524265000.0,7568304000.0,-1.3896718643998633,-1.0728013508373972,0.4430278303580052,0.346746612976305,0.343394766147801,0.009666559680953622,0.2162549786011514,0.03105070694284912,-15289174000.0,0.010765612520139809
2012,1,9724000000.0,4573000000.0,4573000000.0,3429000000.0,3420267000.0,3495000000.0,4477000000.0,982000000.0,4465000000.0,3713000000.0,685957000.0,,,215000000.0,-9000000.0,,66000000.0,76828000000.0,-13353000000.0,-375000000.0,192269000000.0,115441000000.0,45000000.0,561000000.0,,,,,,,,,,,1368005065000.0,1289047642000.0,78957423000.0,76815293000.0,2142130000.0,3425863000.0,7568304000.0,21.982260371959942,,0.5297202797202797,0.3526326614561909,0.3517345742492801,0.002546806649168854,0.21934331025240117,,76783000000.0,0.01888412017167382
2012,2,19626000000.0,10789000000.0,10789000000.0,6761000000.0,6729000000.0,6870000000.0,8879000000.0,2009000000.0,8837000000.0,7483000000.0,1570000000.0,,,452000000.0,-11000000.0,,109000000.0,144030000000.0,-24142000000.0,-883000000.0,373450000000.0,229420000000.0,196000000.0,1564000000.0,267000000.0,221000000.0,103000000.0,324000000.0,,1570000000.0,-87592000000.0,227011000000.0,,-66000000.0,1490622851000.0,1410800241000.0,79822610000.0,79822610000.0,,3247386000.0,7568304000.0,20.965065502183407,15.948399955708117,0.45027004993376135,0.34449200040762257,0.34286151024151634,0.00473302765863038,0.22626421894357474,0.030113115255273618,143834000000.0,0.01586608442503639
2012,3,29531000000.0,13957000000.0,13957000000.0,10237000000.0,10186487000.0,10346000000.0,13412000000.0,3066000000.0,13359000000.0,11387000000.0,2214722000.0,,,597000000.0,-34000000.0,,109000000.0,82783000000.0,-39165000000.0,-890000000.0,396749000000.0,313966000000.0,328000000.0,2026000000.0,,,,,,,,,,,1477530744000.0,1395804859000.0,81725885000.0,81725885000.0,,3182252000.0,7568304000.0,8.001449835685289,,0.5273780095492872,0.34665267007551387,0.3449421624733331,0.004934355768291492,0.22860125260960334,,82455000000.0,0.010535472646433404
2012,4,39749000000.0,22206000000.0,22206000000.0,13403000000.0,13385000000.0,13512000000.0,17552000000.0,4040000000.0,17543000000.0,15664000000.0,3130000000.0,,,623000000.0,-29000000.0,,109000000.0,185838000000.0,-80036000000.0,-1488000000.0,571287000000.0,385449000000.0,1422000000.0,2347000000.0,547000000.0,501000000.0,222000000.0,723000000.0,,3130000000.0,-159241000000.0,336604000000.0,9000000.0,-363000000.0,1606537000000.0,1521738000000.0,84799000000.0,84799000000.0,,3536000000.0,7568000000.0,13.753552397868562,10.375055828494864,0.44134443633802106,0.3371908727263579,0.3367380311454376,0.001342982914272924,0.2301731996353692,0.03195048932048605,184416000000.0,0.008066903493191238
2013,1,10802000000.0,5039000000.0,5039000000.0,3589000000.0,3588000000.0,3589000000.0,4718000000.0,1129000000.0,4717000000.0,4184000000.0,,,,240000000.0,21000000.0,,,14119000000.0,-40387000000.0,-6873000000.0,271972000000.0,257853000000.0,49000000.0,2836000000.0,,,,,,,,,,,1811249000000.0,1722490000000.0,88759000000.0,88759000000.0,,3417000000.0,7568000000.0,3.9339648927277793,,0.5335123125347158,0.33225328642843915,0.33216071097944827,0.00027862914460852607,0.23929631199660872,,14070000000.0,
2013,2,23426000000.0,10930000000.0,10930000000.0,7531000000.0,7522000000.0,7531000000.0,9906000000.0,2375000000.0,9894000000.0,9106000000.0,2602000000.0,,,510000000.0,-76000000.0,,,28800000000.0,-63946000000.0,-8244000000.0,319130000000.0,290330000000.0,231000000.0,1950000000.0,290000000.0,271000000.0,129000000.0,400000000.0,,2602000000.0,-196751000000.0,221601000000.0,,-350000000.0,1826998000000.0,1735456000000.0,91542000000.0,91542000000.0,,3341000000.0,7568000000.0,3.8241933342185632,2.660999722812529,0.5334244002390506,0.3214804063860668,0.3210962178775719,0.001195060416943301,0.2397536846355744,0.029454452317937335,28569000000.0,
2013,3,37345000000.0,17712000000.0,17712000000.0,11696000000.0,11637000000.0,11696000000.0,15385000000.0,3689000000.0,15307000000.0,14776000000.0,,,,898000000.0,17000000.0,,0.0,100823000000.0,-95715000000.0,-8244000000.0,375380000000.0,274557000000.0,448000000.0,1842000000.0,,,,,,,,,,,1855619000000.0,1760706000000.0,94913000000.0,94913000000.0,,3312000000.0,7568000000.0,8.620297537619699,,0.5257196411835587,0.3131878430847503,0.31160797964921677,0.005044459644322845,0.23977900552486187,,100375000000.0,0.0
2013,4,52189000000.0,32234000000.0,32234000000.0,15231000000.0,15166000000.0,15231000000.0,20040000000.0,4809000000.0,19955000000.0,21279000000.0,6890000000.0,,,1140000000.0,-82000000.0,,,91674000000.0,-87011000000.0,4910000000.0,415487000000.0,323813000000.0,1750000000.0,2066000000.0,601000000.0,545000000.0,267000000.0,812000000.0,,6890000000.0,-179718000000.0,265465000000.0,-10000000.0,-1616000000.0,1891741000000.0,1779660000000.0,112081000000.0,112081000000.0,,3694000000.0,7568000000.0,6.018908804412054,3.89538539984703,0.3823602674893177,0.2918431087010673,0.29059763551706297,0.0042676121068872695,0.23997005988023953,0.027074670907662534,89924000000.0,
2014,1,16100000000.0,9388000000.0,9388000000.0,5054000000.0,5065000000.0,5054000000.0,6697000000.0,1643000000.0,6712000000.0,6062000000.0,2067000000.0,,,1279000000.0,58000000.0,,,60097000000.0,8058000000.0,9000000000.0,242068000000.0,181971000000.0,1231000000.0,1222000000.0,,,,,,,,,,,2097102000000.0,1979802000000.0,117300000000.0,117300000000.0,,3580000000.0,7568000000.0,11.890977443609023,,0.4168944099378882,0.3139130434782609,0.31459627329192547,-0.0021764938662445586,0.24533373152157684,,58866000000.0,
2014,2,34733000000.0,15736000000.0,15736000000.0,10072000000.0,10085000000.0,10072000000.0,13328000000.0,3256000000.0,13345000000.0,13055000000.0,,,,2173000000.0,68000000.0,,,53424000000.0,-15214000000.0,11464000000.0,307937000000.0,254513000000.0,1447000000.0,2515000000.0,307000000.0,282000000.0,146000000.0,428000000.0,,5652000000.0,-173781000000.0,221473000000.0,1000000.0,-485000000.0,2136475000000.0,2015535000000.0,120940000000.0,120940000000.0,,3492000000.0,7568000000.0,5.3042096902303415,3.2458837110395526,0.5469438286355915,0.2899835890939452,0.2903578729162468,-0.001290706910246227,0.24429771908763506,0.021161431491664988,51977000000.0,
2014,3,54651000000.0,33880000000.0,33880000000.0,15694000000.0,15711000000.0,15694000000.0,20748000000.0,5054000000.0,20771000000.0,20056000000.0,9701000000.0,,,3305000000.0,27000000.0,,,-5109000000.0,-28655000000.0,35227000000.0,333603000000.0,338712000000.0,2155000000.0,3979000000.0,,,,,,,,,,,2144358000000.0,2017622000000.0,126736000000.0,126736000000.0,,3540000000.0,7568000000.0,-0.325538422327004,,0.3800662384951785,0.2871676639036797,0.2874787286600428,-0.001083216515865936,0.24358974358974358,,-7264000000.0,
2014,4,73407000000.0,47161000000.0,47161000000.0,19802000000.0,19841000000.0,19802000000.0,26194000000.0,6392000000.0,26246000000.0,26668000000.0,15011000000.0,,,3168000000.0,-10000000.0,,,25321000000.0,-54483000000.0,31189000000.0,440876000000.0,415555000000.0,3835000000.0,4115000000.0,634000000.0,631000000.0,332000000.0,963000000.0,,15011000000.0,-228745000000.0,241762000000.0,1000000.0,-2626000000.0,2186459000000.0,2055510000000.0,130949000000.0,130949000000.0,,3812000000.0,7568000000.0,1.2787092212907787,0.6954408129634716,0.3575408339804106,0.2697562902720449,0.2702875747544512,-0.0019694980305019695,0.24402534931663739,0.021755418420586592,21486000000.0,
2015,1,20671000000.0,13224000000.0,13224000000.0,5629000000.0,5637000000.0,5629000000.0,7437000000.0,1808000000.0,7447000000.0,6901000000.0,4751000000.0,,,464000000.0,-58000000.0,,,11495000000.0,-22770000000.0,35055000000.0,167092000000.0,155597000000.0,1251000000.0,321000000.0,,,,,,,,,,,2304775000000.0,2168071000000.0,136704000000.0,136704000000.0,,3697000000.0,7568000000.0,2.042103393142654,,0.360263170625514,0.27231386967248805,0.27270088529824393,-0.0014212115828744004,0.24310878042221326,,10244000000.0,
2015,2,46575000000.0,31308000000.0,31308000000.0,11585000000.0,11591000000.0,11585000000.0,15259000000.0,3674000000.0,15267000000.0,15005000000.0,12923000000.0,,,2104000000.0,85000000.0,,,182522000000.0,-49913000000.0,71690000000.0,447434000000.0,264912000000.0,1692000000.0,3303000000.0,339000000.0,306000000.0,187000000.0,493000000.0,,12923000000.0,-127173000000.0,297748000000.0,1000000.0,-2587000000.0,2570508000000.0,2419628000000.0,150880000000.0,150880000000.0,,3690000000.0,7568000000.0,15.75502805351748,7.202920284135754,0.3277938808373591,0.2487385936661299,0.24886741814278046,-0.0005179110919292188,0.24077593551346746,0.01786366076221149,180830000000.0,
2015,3,71152000000.0,27912000000.0,27912000000.0,17740000000.0,17754000000.0,17740000000.0,23286000000.0,5546000000.0,23305000000.0,22866000000.0,19935000000.0,,,3081000000.0,97000000.0,,,91985000000.0,-34761000000.0,158457000000.0,423879000000.0,331894000000.0,2444000000.0,9944000000.0,,,,,,,,,,,2599060000000.0,2441924000000.0,157136000000.0,157136000000.0,,4406000000.0,7568000000.0,5.185174746335964,,0.6077130649876321,0.24932538790195638,0.24952214976388576,-0.0007891770011273958,0.23816885682384265,,89541000000.0,
2015,4,96163000000.0,67268000000.0,67268000000.0,21865000000.0,21902000000.0,21865000000.0,28846000000.0,6981000000.0,28895000000.0,30112000000.0,30485000000.0,,,3924000000.0,107000000.0,,,-1826000000.0,-96226000000.0,174177000000.0,361744000000.0,363570000000.0,3534000000.0,12317000000.0,731000000.0,623000000.0,423000000.0,1046000000.0,,30485000000.0,-148886000000.0,117113000000.0,9000000.0,-2137000000.0,2507149000000.0,2345649000000.0,161500000000.0,161500000000.0,,4788000000.0,7568000000.0,-0.0835124628401555,-0.033735473977866866,0.30047939436165677,0.22737435396150288,0.22775911733203,-0.0016922021495540819,0.24200929071621716,0.018479040795316287,-5360000000.0,
2016,1,27532000000.0,19518000000.0,19518000000.0,6086000000.0,6075000000.0,6086000000.0,8029000000.0,1943000000.0,8014000000.0,8080000000.0,9550000000.0,,,824000000.0,-14000000.0,,,59268000000.0,-94781000000.0,51880000000.0,159508000000.0,100240000000.0,236000000.0,614000000.0,,,,,,,,,,,2681155000000.0,2493586000000.0,187569000000.0,187569000000.0,,4650000000.0,7568000000.0,9.738416036805784,,0.29107947116083105,0.22105186691849485,0.22065233183205,0.001807426881367072,0.2419977581267904,,59032000000.0,
2016,2,54769000000.0,38613000000.0,38613000000.0,12292000000.0,12294000000.0,12292000000.0,16154000000.0,3862000000.0,16156000000.0,15774000000.0,20000000000.0,,,1608000000.0,160000000.0,,,-33198000000.0,-123901000000.0,107455000000.0,237589000000.0,270787000000.0,600000000.0,2167000000.0,400000000.0,285000000.0,226000000.0,511000000.0,,20000000000.0,-214420000000.0,154094000000.0,5000000.0,-3053000000.0,2800983000000.0,2609283000000.0,191700000000.0,191700000000.0,,5310000000.0,7568000000.0,-2.7007809957696063,-0.9998494111977834,0.29498438897916707,0.22443352991655863,0.22447004692435502,-0.00016270745200130165,0.2390739135817754,0.01663349705125162,-33798000000.0,
2016,3,81968000000.0,57423000000.0,57423000000.0,18719000000.0,18707000000.0,18719000000.0,24560000000.0,5841000000.0,24545000000.0,22708000000.0,31615000000.0,,0.0,2466000000.0,110000000.0,,,-152942000000.0,-97162000000.0,122968000000.0,257972000000.0,410914000000.0,906000000.0,7946000000.0,,,,,,,,,,,2791238000000.0,2593010000000.0,198228000000.0,198228000000.0,,7407000000.0,7568000000.0,-8.170415086275977,,0.29944612531719694,0.22836960765176653,0.22822320905719304,0.0006410598856776538,0.2378257328990228,,-153848000000.0,
2016,4,107715000000.0,77936000000.0,77936000000.0,22599000000.0,22606000000.0,22599000000.0,29935000000.0,7336000000.0,29779000000.0,27973000000.0,46518000000.0,,,2368000000.0,49000000.0,,,10989000000.0,-102343000000.0,59212000000.0,503200000000.0,492211000000.0,2772000000.0,6830000000.0,857000000.0,587000000.0,496000000.0,1083000000.0,,46518000000.0,-384091000000.0,350452000000.0,11000000.0,-9213000000.0,2953434000000.0,2751263000000.0,202171000000.0,202171000000.0,,8316000000.0,7568000000.0,0.4862604540023895,0.15465049185864868,0.27646103142552103,0.20980364851691966,0.2098686348233765,-0.00030974821894774106,0.24506430599632537,0.01801049064661375,8217000000.0,
2017,1,27726000000.0,19484000000.0,19484000000.0,6214000000.0,6212000000.0,6214000000.0,8230000000.0,2016000000.0,8242000000.0,6804000000.0,12434000000.0,,12000000.0,611000000.0,-25000000.0,2000000.0,,-115008000000.0,-47209000000.0,49316000000.0,64339000000.0,179347000000.0,125000000.0,13667000000.0,,,,,,,,,,,3006195000000.0,2798456000000.0,207739000000.0,207739000000.0,,8119000000.0,7568000000.0,-18.50788542001931,,0.29726610401788933,0.22412176296616895,0.22404962850753804,0.000321853878339234,0.24495747266099635,,-115133000000.0,
2017,2,54069000000.0,37605000000.0,37605000000.0,12554000000.0,12512000000.0,12554000000.0,16432000000.0,3878000000.0,16464000000.0,13386000000.0,23716000000.0,,61000000.0,739000000.0,17000000.0,-4000000.0,,-128180000000.0,-58555000000.0,78975000000.0,186723000000.0,314903000000.0,413000000.0,14796000000.0,479000000.0,345000000.0,240000000.0,585000000.0,,23716000000.0,-192914000000.0,42846000000.0,4000000.0,-2834000000.0,3092142000000.0,2880688000000.0,211454000000.0,211454000000.0,,7961000000.0,7568000000.0,-10.210291540544846,-3.4333315476509347,0.3044998058036953,0.23218480090255045,0.23140801568366345,0.003345547235940736,0.2360029211295034,0.019678558878470104,-128593000000.0,
2017,3,79832000000.0,54833000000.0,54833000000.0,19153000000.0,19130000000.0,19153000000.0,24939000000.0,5786000000.0,24999000000.0,21268000000.0,32820000000.0,,102000000.0,644000000.0,34000000.0,-1000000.0,,-157987000000.0,-18467000000.0,71268000000.0,238846000000.0,396833000000.0,857000000.0,22845000000.0,,,,,,,,,,,3137481000000.0,2919370000000.0,218111000000.0,218111000000.0,,7883000000.0,7568000000.0,-8.248681668668095,,0.3131451047199118,0.23991632428099008,0.23962821926044695,0.0012008562627264657,0.23200609487148643,,-158844000000.0,
2017,4,105786000000.0,75563000000.0,75563000000.0,23189000000.0,23162000000.0,23189000000.0,30157000000.0,6968000000.0,30223000000.0,31616000000.0,42925000000.0,,170000000.0,632000000.0,-61000000.0,10000000.0,,-118780000000.0,-36131000000.0,61439000000.0,411204000000.0,529984000000.0,2817000000.0,28518000000.0,986000000.0,674000000.0,516000000.0,1190000000.0,,42925000000.0,-347032000000.0,186420000000.0,7000000.0,-7252000000.0,3248474000000.0,3026420000000.0,222054000000.0,222054000000.0,,8036000000.0,7568000000.0,-5.122256242183794,-1.7393469029140431,0.2856994309265876,0.21920670031951298,0.21895146805815513,0.0011643451636551814,0.23105746592830853,0.02056982965609816,-121597000000.0,
2018,1,28026000000.0,19442000000.0,19442000000.0,6595000000.0,6555000000.0,6595000000.0,8567000000.0,1972000000.0,8584000000.0,8510000000.0,10671000000.0,10664000000.0,14000000.0,416000000.0,373000000.0,44000000.0,,41442000000.0,3222000000.0,10502000000.0,183047000000.0,141605000000.0,27000000.0,20940000000.0,,,,,,,,,,,3338572000000.0,3115181000000.0,223391000000.0,223391000000.0,,7873000000.0,7568000000.0,6.28385140257771,,0.30628701919646045,0.2353172054520802,0.23388995932348533,0.006065200909780136,0.23018559589121046,,41415000000.0,
2018,2,57241000000.0,39839000000.0,39839000000.0,13372000000.0,13326000000.0,13372000000.0,17367000000.0,3995000000.0,17402000000.0,16980000000.0,62000000.0,22236000000.0,15000000.0,1187000000.0,545000000.0,70000000.0,,7455000000.0,66507000000.0,9403000000.0,276847000000.0,269392000000.0,682000000.0,24700000000.0,511000000.0,371000000.0,226000000.0,597000000.0,,62000000.0,-107340000000.0,89553000000.0,4000000.0,-661000000.0,3367399000000.0,3139258000000.0,228141000000.0,228141000000.0,,8530000000.0,7568000000.0,0.5575082261441818,0.5126530050887086,0.3040128579165284,0.23360877692563023,0.23280515714260758,0.003440023930601256,0.23003397247653595,0.01935675477367621,6773000000.0,
2018,3,86664000000.0,60050000000.0,60050000000.0,20456000000.0,20347000000.0,20456000000.0,26566000000.0,6110000000.0,26614000000.0,25581000000.0,55000000.0,33567000000.0,102000000.0,7099000000.0,1047000000.0,78000000.0,,-11310000000.0,73959000000.0,-37081000000.0,381232000000.0,392542000000.0,1518000000.0,20539000000.0,,,,,,,,,,,3352056000000.0,3116825000000.0,235231000000.0,235231000000.0,,9374000000.0,7568000000.0,-0.5528940164254986,,0.3070940644327518,0.23603803193944428,0.23478030093233637,0.005328509972624169,0.22999322442219378,,-12828000000.0,
2018,4,116716000000.0,84411000000.0,84411000000.0,24818000000.0,24700000000.0,24818000000.0,32231000000.0,7413000000.0,32305000000.0,35391000000.0,,47814000000.0,129000000.0,9186000000.0,892000000.0,88000000.0,,-57323000000.0,61382000000.0,19021000000.0,436278000000.0,493601000000.0,4619000000.0,53267000000.0,1143000000.0,888000000.0,434000000.0,1322000000.0,,47814000000.0,-219692000000.0,109469000000.0,12000000.0,-3259000000.0,3418592000000.0,3178550000000.0,240042000000.0,240042000000.0,,10899000000.0,7568000000.0,-2.309734869852526,-0.7633194401906868,0.2767829603481956,0.21263579971897598,0.21162479865656808,0.0047546135869127246,0.2299959666159908,0.021119640837588678,-61942000000.0,
2019,1,32476000000.0,22809000000.0,22809000000.0,7446000000.0,7422000000.0,7446000000.0,9671000000.0,2225000000.0,9667000000.0,9620000000.0,,12654000000.0,15000000.0,2571000000.0,-642000000.0,12000000.0,,53184000000.0,-31790000000.0,18923000000.0,187791000000.0,134607000000.0,409000000.0,1790000000.0,,,,,,,,,,,3530180000000.0,3279242000000.0,250938000000.0,250938000000.0,,10623000000.0,7568000000.0,7.14262691377921,,0.29766596871535905,0.22927700455721148,0.2285379972903067,0.0032232070910556,0.23006927928859477,,52775000000.0,
2019,2,67829000000.0,47792000000.0,47792000000.0,15403000000.0,15316000000.0,15403000000.0,20003000000.0,4600000000.0,20037000000.0,19981000000.0,,26810000000.0,165000000.0,4938000000.0,144000000.0,-17000000.0,,26432000000.0,-54409000000.0,27725000000.0,242718000000.0,216286000000.0,958000000.0,9726000000.0,650000000.0,592000000.0,253000000.0,845000000.0,999000000.0,26810000000.0,-114763000000.0,108141000000.0,10000000.0,-2529000000.0,3590766000000.0,3334163000000.0,256603000000.0,256603000000.0,,10578000000.0,7568000000.0,1.7160293449328052,0.5912273245800433,0.29540462044258353,0.22708575977826592,0.22580312255819782,0.005648250340842693,0.22996550517422387,0.03676893364195256,25474000000.0,
2019,3,102958000000.0,72245000000.0,72245000000.0,23621000000.0,23527000000.0,23621000000.0,30676000000.0,7055000000.0,30713000000.0,30297000000.0,,40579000000.0,185000000.0,7717000000.0,-183000000.0,-25000000.0,,84480000000.0,-78809000000.0,-10527000000.0,463657000000.0,379177000000.0,1878000000.0,48915000000.0,,,,,,,,,,,3707683000000.0,3419610000000.0,288073000000.0,288073000000.0,,10587000000.0,7568000000.0,3.5764785572160367,,0.2983061054022028,0.22942364847802016,0.2285106548301249,0.00397950975826595,0.22998435258834268,,82602000000.0,
2019,4,137958000000.0,101669000000.0,101669000000.0,28195000000.0,28086000000.0,28195000000.0,36240000000.0,8045000000.0,36289000000.0,40852000000.0,,58471000000.0,219000000.0,9710000000.0,49000000.0,-30000000.0,,-40025000000.0,-102056000000.0,158667000000.0,587214000000.0,627239000000.0,3553000000.0,46386000000.0,1437000000.0,1307000000.0,597000000.0,1904000000.0,2259000000.0,58471000000.0,-416497000000.0,306600000000.0,21000000.0,-5766000000.0,3939070000000.0,3626087000000.0,312983000000.0,312983000000.0,,11092000000.0,7568000000.0,-1.4195779393509487,-0.43380009971170314,0.2630438249322257,0.20437379492309254,0.20358369938676987,0.0038659336761837203,0.22199227373068434,0.040592064251438846,-43578000000.0,
2020,1,37926000000.0,26928000000.0,26928000000.0,8548000000.0,8506000000.0,8548000000.0,10958000000.0,2410000000.0,10998000000.0,10598000000.0,,15513000000.0,44000000.0,3802000000.0,-949000000.0,36000000.0,,18006000000.0,-2380000000.0,-17456000000.0,264943000000.0,246937000000.0,551000000.0,49302000000.0,,,,,,,,,,,4132298000000.0,3779943000000.0,352355000000.0,352355000000.0,,10608000000.0,7568000000.0,2.1064576509124944,,0.2899857617465591,0.2253862785424247,0.22427885883035384,0.004913430042115114,0.21993064427815295,,17455000000.0,
2020,2,78328000000.0,60669000000.0,60669000000.0,13678000000.0,13586000000.0,13678000000.0,17587000000.0,3909000000.0,17659000000.0,21380000000.0,,37854000000.0,115000000.0,8025000000.0,-493000000.0,62000000.0,,-25666000000.0,-792000000.0,44193000000.0,322208000000.0,347874000000.0,782000000.0,71259000000.0,733000000.0,468000000.0,270000000.0,738000000.0,1305000000.0,37854000000.0,-220729000000.0,152237000000.0,14000000.0,-2450000000.0,4178622000000.0,3827225000000.0,351397000000.0,351397000000.0,,10425000000.0,7568000000.0,-1.8764439245503728,-0.4726007218089416,0.22544939229905014,0.1746246552956797,0.1734501072413441,0.006726129551103963,0.22226644680730084,0.035440710856909405,-26448000000.0,
2020,3,116564000000.0,87641000000.0,87641000000.0,22398000000.0,22316000000.0,22398000000.0,28826000000.0,6428000000.0,28923000000.0,32095000000.0,,53741000000.0,131000000.0,8303000000.0,-49000000.0,41000000.0,,30698000000.0,16075000000.0,68644000000.0,512667000000.0,481969000000.0,1695000000.0,56190000000.0,,,,,,,,,,,4346921000000.0,3988150000000.0,358771000000.0,358771000000.0,,10280000000.0,7568000000.0,1.3705688007857844,,0.24812978278027523,0.1921519508596136,0.19144847465769876,0.0036610411643896775,0.2229931312009991,,29003000000.0,
2020,4,153542000000.0,116633000000.0,116633000000.0,28928000000.0,28840000000.0,28928000000.0,36754000000.0,7826000000.0,36909000000.0,44690000000.0,,69611000000.0,174000000.0,9921000000.0,-614000000.0,57000000.0,,-16161000000.0,15944000000.0,103401000000.0,653612000000.0,669773000000.0,3490000000.0,46996000000.0,1531000000.0,1059000000.0,630000000.0,1689000000.0,2663000000.0,69611000000.0,-483076000000.0,382515000000.0,26000000.0,-3688000000.0,4468514000000.0,4104383000000.0,364131000000.0,364131000000.0,,10893000000.0,7568000000.0,-0.5586628871681416,-0.15476623699986594,0.24038373865131366,0.1884044756483568,0.18783134256424952,0.0030420353982300885,0.21292920498449147,0.03831524924776283,-19651000000.0,
2021,1,41788000000.0,28859000000.0,28859000000.0,10132000000.0,10111000000.0,10132000000.0,12874000000.0,2742000000.0,12929000000.0,11750000000.0,,16695000000.0,61000000.0,2757000000.0,176000000.0,20000000.0,,-11553000000.0,-13512000000.0,29489000000.0,200992000000.0,212545000000.0,3550000000.0,33618000000.0,,,,,,,,,,,4572974000000.0,4200357000000.0,372617000000.0,372617000000.0,,11828000000.0,7568000000.0,-1.140248716936439,,0.309395041638748,0.24246195079927252,0.24195941418589068,0.0020726411369917093,0.2129874164983688,,-15103000000.0,
2021,2,84680000000.0,62265000000.0,62265000000.0,17583000000.0,17511000000.0,17583000000.0,22341000000.0,4758000000.0,22415000000.0,23160000000.0,,37012000000.0,130000000.0,5963000000.0,1215000000.0,32000000.0,,-115972000000.0,-12506000000.0,148699000000.0,256267000000.0,372239000000.0,4310000000.0,37510000000.0,868000000.0,499000000.0,339000000.0,838000000.0,1236000000.0,37012000000.0,-242594000000.0,75267000000.0,18000000.0,-462000000.0,4723520000000.0,4346327000000.0,377193000000.0,377193000000.0,,11473000000.0,7568000000.0,-6.595689017801285,-2.0156073483149974,0.26470240906943787,0.20764052905054323,0.20679026924893718,0.004094864357618154,0.2129716664428629,0.03474256022673595,-120282000000.0,
2021,3,127190000000.0,90361000000.0,90361000000.0,29135000000.0,28992000000.0,29135000000.0,36787000000.0,7652000000.0,36829000000.0,35370000000.0,,52585000000.0,201000000.0,9367000000.0,1502000000.0,19000000.0,,-125808000000.0,-29839000000.0,152627000000.0,395720000000.0,521528000000.0,5933000000.0,38679000000.0,,,,,,,,,,,4853074000000.0,4464216000000.0,388858000000.0,388858000000.0,,11359000000.0,7568000000.0,-4.31810537154625,,0.28955892758864693,0.2290667505307021,0.22794244830568441,0.004908186030547452,0.20800826378883844,,-131741000000.0,
2021,4,169383000000.0,123398000000.0,123398000000.0,36336000000.0,36230000000.0,36336000000.0,45879000000.0,9543000000.0,45985000000.0,47937000000.0,,72619000000.0,225000000.0,12243000000.0,2080000000.0,12000000.0,,-192733000000.0,-40455000000.0,181064000000.0,486048000000.0,678781000000.0,6614000000.0,43305000000.0,1796000000.0,959000000.0,704000000.0,1663000000.0,2442000000.0,72619000000.0,-500983000000.0,207708000000.0,42000000.0,-1143000000.0,4921380000000.0,4525932000000.0,395448000000.0,395448000000.0,,11974000000.0,7568000000.0,-5.304188683399383,-1.67804032875949,0.2714853320581168,0.21451975700040737,0.21389395630021904,0.002917217084984588,0.20800366180605506,0.03483820690388056,-199347000000.0,
2022,1,46207000000.0,29867000000.0,29867000000.0,12850000000.0,12873000000.0,12850000000.0,16184000000.0,3334000000.0,16340000000.0,12106000000.0,,17329000000.0,48000000.0,3878000000.0,690000000.0,78000000.0,,147127000000.0,-4957000000.0,-61953000000.0,359715000000.0,212588000000.0,204000000.0,47146000000.0,,,,,,,,,,,5117949000000.0,4711774000000.0,406175000000.0,406175000000.0,,11566000000.0,7568000000.0,11.449571984435797,,0.35362607397147616,0.27809639232150973,0.2785941524011513,-0.0017898832684824903,0.20600593178447849,,146923000000.0,
2022,2,92022000000.0,64061000000.0,64061000000.0,22088000000.0,22042000000.0,22088000000.0,27783000000.0,5695000000.0,27961000000.0,24349000000.0,,38894000000.0,131000000.0,7769000000.0,1648000000.0,102000000.0,,150483000000.0,-10653000000.0,-160425000000.0,523144000000.0,372661000000.0,616000000.0,64129000000.0,964000000.0,321000000.0,349000000.0,670000000.0,1288000000.0,-49000000.0,-211420000000.0,308923000000.0,-55000000.0,-1088000000.0,5108776000000.0,4696678000000.0,412098000000.0,412098000000.0,,11268000000.0,7568000000.0,6.812884824339007,6.028724810704699,0.3038512529612484,0.24002955814913826,0.2395296776857708,0.0020825787758058673,0.20498146348486485,0.031753276390428374,149867000000.0,
2022,3,138265000000.0,91970000000.0,91970000000.0,36659000000.0,36597000000.0,36659000000.0,46112000000.0,9453000000.0,46295000000.0,36519000000.0,,54195000000.0,140000000.0,10818000000.0,3215000000.0,120000000.0,,92518000000.0,13614000000.0,-145383000000.0,548476000000.0,455958000000.0,2435000000.0,86011000000.0,,,,,,,,,,,5195133000000.0,4769749000000.0,425384000000.0,425384000000.0,,10975000000.0,7568000000.0,2.5237458741373198,,0.33482804758977325,0.26513578996853865,0.2646873756916067,0.0016912627185684279,0.20500086745315754,,90083000000.0,
2022,4,179895000000.0,122420000000.0,122420000000.0,45516000000.0,45407000000.0,45516000000.0,57253000000.0,11737000000.0,57475000000.0,49387000000.0,,71341000000.0,215000000.0,13243000000.0,1240000000.0,180000000.0,,134572000000.0,17858000000.0,-161405000000.0,771751000000.0,637179000000.0,3543000000.0,53676000000.0,1957000000.0,732000000.0,711000000.0,1443000000.0,2650000000.0,71341000000.0,-463015000000.0,490377000000.0,-101000000.0,-4648000000.0,5321514000000.0,4886834000000.0,434680000000.0,434680000000.0,,11083000000.0,7568000000.0,2.956586694788646,1.094909158957586,0.3194919258456322,0.2530142583173518,0.2524083493148781,0.002394762281395553,0.20500235795504165,0.03363072903638233,131029000000.0,
2023,1,45098000000.0,26729000000.0,26729000000.0,14602000000.0,14469000000.0,14602000000.0,18367000000.0,3765000000.0,18369000000.0,11807000000.0,,14449000000.0,173000000.0,3303000000.0,54000000.0,7000000.0,,109156000000.0,7025000000.0,-48093000000.0,357721000000.0,248565000000.0,394000000.0,26139000000.0,,,,,,,,,,,5455897000000.0,5009152000000.0,446745000000.0,446745000000.0,,10681000000.0,7568000000.0,7.475414326804548,,0.4073129628808373,0.32378375981196506,0.32083462681271896,0.009108341323106424,0.20498720531387815,,108762000000.0,
2023,2,88610000000.0,56673000000.0,56673000000.0,25387000000.0,25216000000.0,25387000000.0,31933000000.0,6546000000.0,31937000000.0,23438000000.0,,32322000000.0,194000000.0,7287000000.0,1015000000.0,67000000.0,,44241000000.0,38709000000.0,-8564000000.0,343193000000.0,298952000000.0,949000000.0,24872000000.0,976000000.0,369000000.0,337000000.0,706000000.0,1251000000.0,39000000.0,-142916000000.0,147209000000.0,-8000000.0,856000000.0,5500524000000.0,5048451000000.0,452073000000.0,452073000000.0,,10326000000.0,7568000000.0,1.7426635679678575,1.5600338516872951,0.36042207425798445,0.2865026520708724,0.2845728473084302,0.0067357308858864776,0.2049917013747534,0.03310010156867171,43292000000.0,
2023,3,127634000000.0,78587000000.0,78587000000.0,39635000000.0,39568000000.0,39635000000.0,48993000000.0,9358000000.0,49047000000.0,33888000000.0,,43326000000.0,211000000.0,11266000000.0,565000000.0,63000000.0,,115930000000.0,50029000000.0,-91023000000.0,439590000000.0,323660000000.0,2173000000.0,25781000000.0,,,,,,,,,,,5516388000000.0,5050528000000.0,465860000000.0,465860000000.0,,9967000000.0,7568000000.0,2.9249400782137,,0.38427848378958585,0.31053637745428336,0.3100114389582713,0.0016904251293049072,0.19100687853366807,,113757000000.0,
2023,4,164699000000.0,106771000000.0,106771000000.0,46455000000.0,46431000000.0,46455000000.0,57718000000.0,11263000000.0,57928000000.0,45959000000.0,,59017000000.0,234000000.0,16054000000.0,-354000000.0,144000000.0,,92461000000.0,-26142000000.0,8089000000.0,529035000000.0,436574000000.0,3096000000.0,24969000000.0,1897000000.0,789000000.0,746000000.0,1535000000.0,2491000000.0,59017000000.0,-177434000000.0,190778000000.0,-7000000.0,-1536000000.0,5587116000000.0,5114788000000.0,472328000000.0,472328000000.0,,9814000000.0,7568000000.0,1.9903347325368637,0.8300282777503478,0.35172041117432407,0.28206000036430096,0.2819142799895567,0.0005166289958023894,0.19513843168508957,0.035962574150419854,89365000000.0,
2024,1,38770000000.0,20216000000.0,20216000000.0,14932000000.0,14906000000.0,14932000000.0,18525000000.0,3593000000.0,18554000000.0,10430000000.0,,9395000000.0,61000000.0,4702000000.0,1572000000.0,3000000.0,,-21382000000.0,8311000000.0,22801000000.0,221752000000.0,243134000000.0,241000000.0,26849000000.0,,,,,,,,,,,5729398000000.0,5243822000000.0,485576000000.0,485576000000.0,,9438000000.0,7568000000.0,-1.4319582105545139,,0.47856590147020894,0.3851431519215889,0.38447253030693834,0.0017412268952585051,0.1939541160593792,,-21623000000.0,
2024,2,77132000000.0,45045000000.0,45045000000.0,25879000000.0,25880000000.0,25879000000.0,31977000000.0,6098000000.0,32087000000.0,21109000000.0,,23151000000.0,115000000.0,12239000000.0,2424000000.0,23000000.0,,113722000000.0,28093000000.0,-146881000000.0,508784000000.0,395062000000.0,631000000.0,104272000000.0,830000000.0,397000000.0,304000000.0,701000000.0,1155000000.0,23151000000.0,-207272000000.0,282854000000.0,-1000000.0,3412000000.0,5754033000000.0,5272164000000.0,481869000000.0,481869000000.0,,9180000000.0,7568000000.0,4.39437381660806,2.198971304818625,0.416001140901312,0.335515739252191,0.3355287040398278,-3.864136945013331e-05,0.1906995653125684,0.03482341959238708,113091000000.0,
2024,3,111582000000.0,63713000000.0,63713000000.0,39729000000.0,39748000000.0,39729000000.0,47744000000.0,8015000000.0,47869000000.0,30576000000.0,,32013000000.0,133000000.0,18372000000.0,1431000000.0,-1000000.0,,137158000000.0,-10539000000.0,-145532000000.0,538547000000.0,401389000000.0,1121000000.0,125615000000.0,,,,,,,,,,,5745988000000.0,5255519000000.0,490469000000.0,490469000000.0,,8753000000.0,7568000000.0,3.452339600795389,,0.4290028857701063,0.35605205140614077,0.3562223297664498,-0.00047824007651841227,0.16787449731903487,,136037000000.0,
2024,4,146695000000.0,91489000000.0,91489000000.0,44508000000.0,44838000000.0,44508000000.0,54738000000.0,10230000000.0,55206000000.0,40582000000.0,,48939000000.0,178000000.0,24604000000.0,3104000000.0,8000000.0,,63336000000.0,-31859000000.0,-73933000000.0,530807000000.0,467471000000.0,2388000000.0,123106000000.0,1606000000.0,814000000.0,609000000.0,1423000000.0,2247000000.0,48939000000.0,-202985000000.0,199898000000.0,32000000.0,-6507000000.0,5769270000000.0,5274428000000.0,494842000000.0,494842000000.0,,8634000000.0,7568000000.0,1.423025074143974,0.6415526270473952,0.3763318449844916,0.30340502402944886,0.30565458945430996,-0.007414397411701267,0.18689027732105667,0.03596577933808241,60948000000.0,
2025,1,33709000000.0,16799000000.0,16799000000.0,14096000000.0,14043000000.0,14096000000.0,16883000000.0,2787000000.0,16910000000.0,9055000000.0,,7430000000.0,43000000.0,6770000000.0,-3080000000.0,65000000.0,,162946000000.0,24943000000.0,-158398000000.0,416055000000.0,253109000000.0,338000000.0,7911000000.0,,,,,,,,,,,5777858000000.0,5271746000000.0,506112000000.0,506112000000.0,,8399000000.0,7568000000.0,11.559733257661748,,0.5016464445696995,0.41816725503574714,0.41659497463585393,0.003759931895573212,0.16507729668897708,,162608000000.0,
2025,2,69385000000.0,39283000000.0,39283000000.0,24870000000.0,24930000000.0,24870000000.0,29932000000.0,5062000000.0,30102000000.0,19206000000.0,,19385000000.0,50000000.0,12730000000.0,-1665000000.0,83000000.0,,174682000000.0,38688000000.0,-164644000000.0,530188000000.0,355506000000.0,838000000.0,16730000000.0,698000000.0,411000000.0,272000000.0,683000000.0,938000000.0,19385000000.0,-102799000000.0,241217000000.0,9000000.0,1997000000.0,5874961000000.0,5364899000000.0,510062000000.0,510062000000.0,,8163000000.0,7568000000.0,7.023803779654202,3.7506334006097823,0.43384016718310875,0.3584348202060964,0.3592995604237227,-0.0024125452352231603,0.16911666443939596,0.03342220941125604,173844000000.0,
2025,3,100668000000.0,54571000000.0,54571000000.0,38339000000.0,38269000000.0,38339000000.0,45920000000.0,7581000000.0,46097000000.0,27649000000.0,,25841000000.0,56000000.0,16275000000.0,-2382000000.0,258000000.0,,71783000000.0,-13245000000.0,-80581000000.0,320645000000.0,248862000000.0,1288000000.0,42399000000.0,,,,,,,,,,,5766764000000.0,5248834000000.0,517930000000.0,517930000000.0,,7928000000.0,7568000000.0,1.8723232217846058,,0.4579111534946557,0.38084594906027736,0.38015059403186713,0.0018258170531312763,0.16509146341463415,,70495000000.0,
2025,4,131442000000.0,80034000000.0,80034000000.0,42633000000.0,42624000000.0,42633000000.0,51159000000.0,8526000000.0,51408000000.0,38196000000.0,,40407000000.0,65000000.0,20474000000.0,-2518000000.0,252000000.0,,315858000000.0,-79036000000.0,-149236000000.0,625358000000.0,309500000000.0,2893000000.0,79462000000.0,1341000000.0,849000000.0,514000000.0,1363000000.0,1927000000.0,40407000000.0,-12365000000.0,256763000000.0,19000000.0,2718000000.0,5925777000000.0,5374593000000.0,551184000000.0,551184000000.0,,11155000000.0,7568000000.0,7.4087678558862855,3.6027648823442187,0.3911078650659606,0.324348381795773,0.32427991053088057,0.00021110407430863416,0.16665689321527005,0.035232269746352005,312965000000.0,
2026,1,35277000000.0,17888000000.0,17888000000.0,14523000000.0,14488000000.0,14523000000.0,17399000000.0,2876000000.0,17389000000.0,9512000000.0,,7979000000.0,36000000.0,4511000000.0,1168000000.0,,,37802000000.0,-53517000000.0,-35634000000.0,330351000000.0,292549000000.0,172000000.0,28371000000.0,,,,,,,,,,,6033962000000.0,5489879000000.0,544083000000.0,544083000000.0,,10879000000.0,7568000000.0,2.6029057357295327,,0.4929274031238484,0.4116846670635258,0.4106925192051478,0.0024099703917923295,0.16529685614115755,,37630000000.0,
2026,2,70617000000.0,39789000000.0,39789000000.0,25696000000.0,25633000000.0,25696000000.0,30795000000.0,5099000000.0,30828000000.0,19108000000.0,,19867000000.0,44000000.0,11526000000.0,1316000000.0,90000000.0,,215012000000.0,-70495000000.0,-196012000000.0,397770000000.0,182758000000.0,666000000.0,28696000000.0,624000000.0,421000000.0,216000000.0,637000000.0,914000000.0,19867000000.0,-93380000000.0,274338000000.0,-87000000.0,168000000.0,6028785000000.0,5480571000000.0,548214000000.0,548214000000.0,,10464000000.0,7568000000.0,8.367528019925281,4.50400100548829,0.4365521050172055,0.36387838622428026,0.3629862497698854,0.0024517434620174344,0.16557882773177462,0.030799949020774035,214346000000.0,
