,,revenue,operating_cost,total_operate_cost,parent_net_profit,deduct_parent_net_profit,net_profit,total_profit,income_tax,operating_profit,sale_expense,manage_expense,research_expense,finance_expense,asset_impairment,credit_impairment,other_income,invest_income,fairvalue_change,asset_disposal,minority_interest,netcash_operate,netcash_invest,netcash_finance,sales_services,total_operate_inflow,total_operate_outflow,construct_long_asset,receive_tax_refund,receive_other_operate,depr_fa,depr_biology,amort_ia,amort_lpe,amort_rou,impairment_provision,inventory_reduce,operate_rece_reduce,operate_payable_add,disposal_longasset_loss,fa_scrap_loss,defer_tax,total_assets,total_liabilities,total_equity,total_parent_equity,minority_equity,fixed_asset,inventory_bs,monetaryfunds,cip,short_loan,long_loan,cash_conversion_naive,cash_conversion_adjusted,gross_margin,net_margin,deduct_net_margin,nonrecurring_ratio,effective_tax_rate,collect_ratio,dep_to_revenue,free_cash_flow,minority_ratio
2009,4,428715400.4,310021620.14,344956221.92,94354723.7,85724356.01,94354723.7,94354723.7,,83063204.01,1416225.09,19580060.4,,13542365.23,395951.06,,,-695974.47,,,,61724494.59,-114522035.25,108195040.6,419020426.4,467782746.03,406058251.44,102550115.25,,48762319.63,25446313.53,25446313.53,37062.5,,,395951.06,-61197485.49,-6663692.43,-6951977.74,755321.58,219544.43,0.0,559557326.46,281068701.35,278488625.11,278488625.11,,187140656.27,143424129.78,87070025.76,29202238.02,214000000.0,54530100.0,0.6541749280751696,0.5133695004405,0.27685914746532625,0.2200870871724346,0.1999563251752036,0.09146725623870379,,0.9773859908205901,0.05944124238649581,-40825620.66,
2010,4,444517659.15,347132615.7,385366763.56,85609479.57,70920239.75,85609479.57,85609479.57,,68440239.75,1912368.42,21544165.04,,15151457.56,-373843.16,,,9289344.16,,,,89814974.41,-220922082.72,193032744.06,462584345.6,483380304.54,393565330.13,222310082.72,,20795958.94,38512396.77,38512396.77,496598.96,,,-373843.16,-50078593.84,-10301502.1,18156988.97,-85161.8,,,891988820.6,484850715.92,407138104.68,407138104.68,,316705935.29,193502723.62,159179448.95,32978045.95,370000000.0,74530100.0,1.0491241724762654,0.7228881671829142,0.21908025799519015,0.19258960315255227,0.15954425721941537,0.17158426723046594,,1.0406433492080986,0.08775578411123738,-132495108.31,
2011,4,1134269514.25,697175526.36,788325701.34,356635825.38,349113841.63,356635825.38,356635825.38,,345034417.63,5304254.33,45036383.27,,41282242.7,-472705.32,,,-909395.28,,,,178094261.6,-403020479.56,160675335.69,1121925361.9,1143320182.87,965225921.27,405218997.86,,21394820.97,63181596.03,63181596.03,789515.87,,,-472705.32,-234490536.22,-24536319.38,-26356414.24,,,,1488633359.06,759839429.0,728793930.06,728793930.06,,508433970.96,427993259.84,90711822.51,125120293.96,415200000.0,210283500.0,0.49937288664210416,0.42389847827719007,0.3853528481535666,0.31441894620240607,0.3077873796694964,0.021091497866164263,,0.9891170906077273,0.0563985111971372,-227124736.26000002,
2012,3,962448380.83,,,195900331.86,187731875.9,195900331.86,195900331.86,,183256595.9,,,,,,,,,,,,191390187.2,-402275661.46,307294319.51,,,,,,,,,,,,,,,,,,,,,,,,,,,,,,0.9769773505885473,,,0.2035437284346187,0.1950565657745749,0.041696999093588,,,,,
2012,4,1490836425.09,1072368266.19,1190587551.86,330207864.48,310928236.52,330207864.48,332447654.83,2239790.35,301335260.52,5626659.46,61843517.61,,50919065.27,-169956.67,,,1086387.29,,,,406498277.69,-554313857.08,245363569.54,1518609461.63,1548013079.75,1141514802.06,584444158.08,,29403618.12,96748848.81,96748848.81,2116165.5,,,-169956.67,-78124051.6,43980141.99,-30187002.42,-8470115.76,,,2140201560.78,1112999766.24,1027201794.54,1027201794.54,,849202042.02,506117311.44,177552366.73,222954909.17,353000000.0,453544630.95,1.2310375415501975,0.9477629009397806,0.2806935434749238,0.22149168005474898,0.20855959197618185,0.058386337921905444,0.006737272221533151,1.0186291641876966,0.0663151319931237,-177945880.39000005,
2013,1,299565826.4,243703821.81,272914515.39,29144985.01,27839599.01,29144985.01,29144985.01,,26651311.01,1435582.01,14985800.13,,12789311.44,,,,,,,,6212069.53,-274019162.11,235160225.81,294925367.4,297528376.67,291316307.14,267581530.63,,2603009.27,,,,,,,,,,,,,,,,,,,,,,,,0.2131436858817585,,0.18647655929688506,0.09729075362248998,0.09293316044943904,0.0447893865634896,,0.9845093846125034,,-261369461.1,
2013,2,748908874.92,630526806.92,692325868.87,75577496.73,62356932.73,75577496.73,75577496.73,,57424516.73,2920565.84,30441901.37,,28442814.32,-6219.58,,,841510.68,,,,-119536136.69,-436621065.22,728569336.96,739973685.0,756870303.66,876406440.35,430183433.74,,16896618.66,71588873.4,71588873.4,2264229.11,,,-6219.58,-329396722.5,-7813421.1,40720071.31,,,,3043954009.34,2015374718.07,1028579291.27,1028579291.27,,1138674591.35,835514033.94,365563234.07,282744696.35,1000000000.0,719267233.76,-1.5816366228302305,-0.7999774666088113,0.15807272682226636,0.1009168127939108,0.08326371180560665,0.17492725443435056,,0.9880690559035578,0.0986142706853209,-549719570.4300001,
2013,3,1174926249.46,943828205.29,1048706049.27,147376091.29,132520636.25,147376091.29,147376091.29,,126880700.25,4631404.18,47894198.33,,51835159.48,517081.99,,,660500.06,,,,-234458945.55,-580936904.8,770968428.53,1159098545.92,1180071958.03,1414530903.58,574499273.32,,20973412.11,,,,,,,,,,,,,3239009875.75,2138631989.92,1100377885.83,1100377885.83,,1202471561.74,1099986317.58,164725905.94,313409068.67,1073000000.0,699906233.23,-1.5908886135990832,,0.19669153215039115,0.1254343337360405,0.1127905996745812,0.1007996270627649,,0.9865287684675745,,-808958218.8700001,
2013,4,2044402771.09,1639297666.86,1784684387.69,303829476.61,275227624.34,303829476.61,303829476.61,,259814599.34,6456814.88,62888489.38,,76048270.37,-6853.8,,,96215.94,,,,120861512.74,-662900259.14,535718955.47,2032479368.02,2095005726.91,1974144214.17,657039618.18,,62526358.89,153973217.49,153973217.49,4554595.19,,,-6853.8,-515298798.73,-24709867.47,122789908.09,79195.14,,,3234543056.34,1977711785.19,1256831271.15,1256831271.15,,1296407250.94,1021416110.17,187835839.49,309767845.04,898000000.0,614425502.29,0.3977939010017109,0.2614067241267129,0.19815327486276738,0.14861527332405708,0.13462495171304176,0.09413784531088733,,0.9941677817900615,0.07754235854194173,-536178105.43999994,
2014,1,449064970.32,466784990.71,515240527.95,-55720259.48,-63556827.85,-55720259.48,-55720259.48,,-65842507.85,1885056.82,16339814.75,,30205412.66,25253.01,,,333049.78,,,,9199185.29,-172513209.34,507366219.3,450787708.0,466268986.14,457069800.85,172513209.34,,15481278.14,,,,,,,,,,,,,3691426701.32,1822494526.51,1868932174.81,1868932174.81,,1324380831.46,1008009259.06,530890314.11,395580524.4,645000000.0,672792000.0,,,-0.039459814416993706,-0.12408061898102228,-0.1415314755116836,,,1.0038362771399703,,-163314024.05,
2014,2,1078232858.19,1083057981.33,1175648374.54,-80458465.01,-89332160.24,-80458465.01,-80458465.01,,-96205766.24,3102428.21,36414443.58,,53077766.66,-4245.24,,,1209750.11,,,,-53255775.39,-231827796.59,655979684.58,1077694508.28,1104997892.02,1158253667.41,231827796.59,,27303383.74,72016139.61,72016139.61,2537458.33,,,-4245.24,-50303279.1,2199799.89,-52513874.05,,43732.25,,3795456837.02,1951262867.74,1844193969.28,1844193969.28,,1323042585.8,1068061764.6,555126961.5,451339269.81,745000000.0,626348000.0,,,-0.004475028843119907,-0.0746206762285685,-0.08285052673126606,,,0.9995007109031125,0.06914424595179847,-285083571.98,
2014,3,1743732537.32,1625857454.14,1763168535.09,2699383.24,-7927521.01,2699383.24,2699383.24,,-18535020.17,4226784.89,54082363.42,,78996738.34,5194.3,,,900977.6,,,,129492722.03,-533956114.8,535806651.04,1757040068.16,1805685177.3,1676192455.27,443440404.44,,48645109.14,,,,,,,,,,,,,3894612915.93,2023889098.4,1870723817.53,1870723817.53,,1370255617.74,1141725385.51,303174157.91,547566715.53,828000000.0,599348000.0,47.971225467785004,,0.067599290979089,0.0015480489021262238,-0.004546294136475808,3.9367897423857454,,1.007631635331215,,-313947682.40999997,
2014,4,2604763390.34,2403293260.03,2585777818.7,80198054.82,49014353.55,80198054.82,80198054.82,,20975271.95,5290361.42,74100915.46,,103097521.43,-4239.64,,,1989700.31,,,,455384506.87,-869104693.94,549433980.66,2605051171.12,2710394253.42,2255009746.55,734803603.52,,105343082.3,148080721.52,148080721.52,5268748.66,,,-4239.64,-14711973.91,-12911259.74,144976889.8,1284939.27,,,4119301223.1,2171078733.99,1948222489.11,1948222489.11,,1489584505.69,1035377266.11,337545968.83,626885089.03,911290000.0,520218000.0,5.678248779126686,1.949893383438699,0.07734680664553643,0.030788998001669444,0.018817199954427394,0.38883363617721217,,1.0001104825033502,0.05887270634588552,-279419096.65,
2015,1,499900045.93,487374641.39,538855295.77,-20194850.1,-26719580.7,-20194850.1,-20194850.1,,-38245176.76,1142721.34,19850642.34,,30440154.67,47136.03,,,710073.08,,,,123618756.2,-297542949.1,219292909.25,482696574.7,521244676.82,397625920.62,387838997.04,,38548102.12,,,,,,,,,,,,,4331693630.86,2403665991.85,1928027639.01,1928027639.01,,1614125866.6,905153110.91,424296004.43,809791269.07,1090000000.0,653218000.0,,,0.025055817941961,-0.04039777604426915,-0.05344984645938898,,,0.965586177936841,,-264220240.84000003,
2015,2,1124726470.65,1004244178.62,1110627986.52,46832480.71,38136292.73,46832480.71,46832480.71,,14866896.53,2740395.16,42792626.94,,60849415.8,1370.0,,,768412.4,,,,24569150.57,-622804345.49,750597998.72,1098603801.55,1168778371.25,1144209220.68,743260847.95,,70174569.7,88550136.92,88550136.92,2819443.22,,,1370.0,-205732379.57,-64853547.46,101239716.36,,216950.86,,5165036839.37,3184743869.53,1980292969.84,1980292969.84,,2077824393.68,1241109645.68,542823217.1,661224819.5,1815000000.0,646458000.0,0.5246177481423447,0.17777525795771518,0.10712141589445402,0.04163899573105508,0.03390717096571963,0.18568710963336035,,0.9767742026335493,0.08123715634361824,-718691697.38,
2015,3,1946205686.31,1547092364.93,1713370741.18,278997065.12,269684848.17,278997065.12,278997065.12,,234279891.97,4357218.28,66843457.96,,95069018.46,8681.55,,,1444946.84,,,,437212158.7,-1138269015.61,878276401.2,1942506187.56,2059401486.88,1622189328.18,1258748208.07,,116895299.32,,,,,,,,,,,,,5620864463.35,3408406909.1,2212457554.25,2212457554.25,,2402608961.36,1166525314.76,582659217.48,762389804.97,1803000000.0,605958000.0,1.5670851537880865,,0.2050725286579126,0.1433543571897468,0.13856955103307794,0.033377472791675036,,0.9980991224226591,,-821536049.3699999,
2015,4,3003474722.79,2263913601.92,2499375882.39,595850841.56,569746413.64,595850841.56,595850841.56,,505431577.31,6201326.76,101748390.03,,127499822.47,12741.21,,,1332736.91,,,,915404078.43,-2311348473.74,1779485220.4,2992489139.69,3161960144.89,2246556066.46,1799051855.24,,169471005.2,221020829.3,221020829.3,5716508.33,,,12741.21,-120623557.87,-127538742.11,216399184.12,1060019.68,,,7067533220.76,3545527465.69,3522005755.07,3522005755.07,,2976295118.51,1156000823.98,836286896.34,758852917.38,1773000000.0,546838000.0,1.5362973660209593,1.1128167447039485,0.2462351739664397,0.19838716704980283,0.18969575782237608,0.04381033993617569,,0.9963423753772114,0.07549167499547932,-883647776.8100001,
2016,1,912227007.83,491997371.74,561722637.02,367957213.87,364780014.06,367957213.87,367957213.87,,352466673.02,1774017.12,31417486.08,,36485902.26,47859.82,,,1962302.21,,,,128962410.74,-754244911.49,501843075.7,907253303.68,933918674.24,804956263.5,865484173.67,,26665370.56,,,,,,,,,,,,,8005114249.14,4115151280.2,3889962968.94,3889962968.94,,3262441891.47,1391033228.26,829653461.23,1041624100.08,2351000000.0,471159836.18,0.3504820829129407,,0.4606634450449342,0.4033614557688819,0.39987855098451475,0.008634699063469139,,0.9945477341634167,,-736521762.93,
2016,2,2284304637.7,1110865288.57,1255904883.81,1072428895.89,1062108175.44,1072428895.89,1072428895.89,,1034645806.24,4544563.22,65833435.98,,73310843.88,55741.3,,,6246052.35,,,,749260413.12,-1575116430.78,632732121.75,2279185423.15,2350758271.24,1601497858.12,1890160643.49,,71572848.09,192354030.28,192354030.28,2961224.59,,,55741.3,-391336540.34,-179975595.61,-17289512.62,668124.99,668124.99,,9272997250.88,4678562599.92,4594434650.96,4594434650.96,,3956298299.85,1547337364.32,764294936.47,1415562642.08,2488000000.0,563159836.18,0.6986574270718385,0.590992646246842,0.5136965226807498,0.46947717838974296,0.4649590767846998,0.009623687397414676,,0.9977589615388803,0.08550315559778282,-1140900230.37,
2016,3,3900155170.34,1973169160.36,2203557378.56,1761932747.31,1748996391.58,1761932747.31,1761932747.31,,1703908946.19,8694497.63,102172067.18,,116111171.9,293429.35,,,7311154.41,,,,1272464897.98,-2578260398.87,1446474710.67,3906656065.87,4041317352.92,2768852454.94,3023789750.97,,134661287.05,,,,,,,,,,,,,10925471970.2,5823989675.3,5101482294.9,5101482294.9,,4893956411.09,1876657844.87,1084230743.59,1309463124.99,2568000000.0,518159836.18,0.7221983358460835,,0.4940793188523351,0.45175965323359213,0.4484427709135299,0.007342139335199016,,1.0016668299711349,,-1751324852.9899998,
2016,4,5605907003.09,3044443181.94,3386024848.38,2321898712.22,2302735192.56,2321898712.22,2321898712.22,,2228005065.81,13563243.05,149539705.14,,172235517.45,5296.53,,,8122911.1,,,,1282469805.36,-3865972252.77,2671376892.08,5613616415.68,5819092651.05,4536622845.69,4361888976.95,,205476235.37,460948156.31,460948156.31,6157399.65,1733.17,,5296.53,-1462060326.77,-393654094.86,176431943.97,2321340.35,2321340.35,,12931323137.63,7269874877.82,5661448259.81,5661448259.81,,6499990714.75,2618047837.56,983907156.15,850969194.09,2500000000.0,995347024.91,0.5523366711090565,0.45982954831873163,0.45692228211030084,0.41418787556414316,0.4107694243394909,0.008253383129566982,,1.0013752301966035,0.08332412379879446,-3079419171.59,
2017,1,1967844689.37,1171543690.55,1304781074.3,680036371.42,676081397.08,680036371.42,680036371.42,,671363410.0,7653723.64,53614869.73,,66400349.8,100411.71,,,8299794.93,,,,344713694.38,-1536686726.34,1144671054.33,1967002230.36,2217272271.38,1872558577.0,1483289386.52,,250270041.02,,,,,,,,,,,,,14676415097.7,8334930466.47,6341484631.23,6341484631.23,,7116794373.88,3033461648.74,797904447.65,1258875239.34,3376500000.0,1124204140.73,0.5069047904896545,,0.4046564259473818,0.3455742087236121,0.34356440868127947,0.005815827661896141,,0.9995718874489685,,-1138575692.1399999,
2017,2,4230655679.54,2777113000.51,3110555473.06,1200268269.1,1195463274.85,1200268269.1,1200268269.1,,1200809009.66,15521278.97,172192519.31,,137944461.37,154466.71,,69688207.63,11020595.55,,,,844202507.69,-3368273927.93,3181656278.25,4257566059.66,4575087753.57,3730885245.88,2674942402.54,,317521693.91,395075278.85,395075278.85,4066567.74,49422.93,,154466.71,-657477957.7,130779963.3,-361749184.47,360294.4,,,17385207514.04,8273658044.77,9111549469.27,9111549469.27,,8234405707.96,3275525795.26,1458566064.81,1036004458.74,2326500000.0,1242084151.28,0.7033448516663783,0.5277538861732092,0.3435738545350123,0.2837073872271509,0.28257163083051534,0.004003266914323196,,1.00636080602119,0.09435683254738522,-1830739894.85,
2017,3,7157138902.69,4910601655.35,5460112068.62,1812211858.89,1814855292.07,1812211858.89,1812211858.89,,1821165668.23,27926972.44,285292928.7,11929532.76,212580291.53,465790.78,,109624025.69,14514808.47,,,,1500211276.81,-4900629331.42,3927039087.41,7168351634.41,7647164132.59,6146952855.78,4290126467.71,,478812498.18,,,,,,,,,,,,,18983001726.19,9259508667.13,9723493059.06,9723493059.06,,9080876976.85,3399279828.45,1323278697.54,1364169356.76,2954560000.0,1293422354.35,0.8278343778905056,,0.313887613176774,0.2532033936366504,0.25357273580199613,-0.0014586777848473857,,1.001566650008118,,-2789915190.9,
2017,4,10042415931.26,7048993912.33,7871146372.0,2365529363.99,2370435471.13,2365529363.99,2365559415.84,30051.85,2389569913.88,38849279.9,380259450.6,73975398.55,312048550.82,455861.66,,196784033.67,21516320.95,,,,1787135984.13,-6441395779.84,8052398899.96,10051317866.03,10674457558.74,8887321574.61,6276361160.27,,623139692.71,880161361.48,880161361.48,8879917.47,427407.58,,455861.66,-1567342582.78,86381414.58,-296144719.74,,5749245.19,-59.5,24044634907.56,11308025403.4,12736609504.16,12736609504.16,,10596958535.19,4189892626.34,4197056743.2,1498189007.92,3560332594.93,1534298545.23,0.7554909321081483,0.548966759272366,0.298077876819669,0.235553812965124,0.23604235149744357,-0.0020739996783320776,1.2703908343527577e-05,1.0008864335863934,0.0885711857204863,-4489225176.14,
2018,1,2755526839.54,2395495111.33,2693285444.65,136037497.74,139334744.89,136037497.74,136035166.16,-2331.58,144434537.66,11199281.91,138681779.39,26592420.41,115804205.04,72460.99,,72176259.24,6822383.41,,,,-214193686.61,-3484790513.27,2175223677.23,2385701802.83,2540568986.85,2754762673.46,1871290993.34,,154867184.02,,,,,,,,,,,,,26588330044.33,13715683042.43,12872647001.9,12872647001.9,,11344590930.67,5017704874.35,2673833753.08,2039087814.64,4528882945.2,1737550597.4,-1.5745194535948834,,0.13065803716508265,0.049368961241077855,0.05056555533796221,-0.024237781529191305,-1.7139538737047404e-05,0.8657879025516088,,-2085484679.9499998,
2018,2,5512954783.41,5162886819.88,5751264021.36,-78655727.56,-101903669.67,-78655727.56,-78576476.9,79250.66,-75936569.74,22757439.52,265835617.08,44233364.48,245303846.09,-45723.65,,148318845.36,30015956.07,,-243497.09,,-182058457.99,-4051276126.16,1057696969.17,5554158589.49,5833410407.58,6015468865.57,2625914699.09,,279251818.09,607506934.58,607506934.58,5043513.21,1843693.28,,45723.65,-839906752.62,-95687346.17,-19900432.68,1716673.1,,59.5,25611839214.09,13753225222.82,11858613991.27,11858613991.27,,12279774298.83,5032000370.3,1095431807.82,1985665795.52,4451895376.94,1546356561.74,,-0.3397981488496967,0.06349915377202997,-0.014267435640266226,-0.01848440150038165,,,1.0074739967401862,0.11144552516898584,-2807973157.08,
2018,3,9181430057.82,8190796531.67,9070712505.37,350190782.34,318136621.19,350190782.34,350270033.0,79250.66,362962040.55,36448632.17,370772641.8,65261022.45,392803732.16,-606574.64,,230825173.64,50291782.2,,-243497.09,,720229237.42,-4470801083.84,908615281.72,9268741540.89,9681133325.04,8960904087.62,3422619696.23,,412391784.15,,,,,,,,,,,,,27641062874.42,15353602373.25,12287460501.17,12287460501.17,,12681602099.2,6058554048.38,1540692894.78,2738416782.01,4791331622.87,1552795730.47,2.0566767423384946,,0.10789534091219898,0.038141202419958074,0.034650007589943674,0.09153342339798828,0.00022625589554787863,1.0095095734019817,,-2702390458.81,
2018,4,13388157685.94,12074044989.84,13279784268.84,520208830.16,461507304.69,528078999.48,526113868.97,-1965130.51,523975834.49,54139682.76,500336559.02,91211223.4,538268500.97,-661106.92,,374500694.07,70489691.62,,-249444.18,7870169.32,1357659325.5,-5780996731.32,2647442392.4,13445634173.67,14074544564.89,12716885239.39,5047299101.29,,628910391.22,1271554970.26,1271554970.26,10225404.61,3563973.2,,661106.92,-1628823494.9,-373402964.36,1035702042.96,249444.18,4069090.45,-4832541.7,29841862898.9,16134227709.78,13707635189.12,12289265019.8,1418370169.32,13544605357.9,5812728203.17,2778297994.55,3680299039.52,4714920476.49,1069491442.98,2.5709398155141345,0.7483991840372457,0.0981548564729005,0.0388558935712502,0.03447130781665849,0.11284223193971019,-0.003735180967282304,1.0042930841627569,0.0960060658248629,-3689639775.79,0.014903393862944304
2019,1,3048109324.17,3359769950.96,3733936973.15,-540937526.98,-559749705.57,-556841708.79,-553862645.08,2979063.71,-557712734.65,22525222.66,150488257.21,17907287.52,177263106.77,-1787580.16,,98743809.96,14296841.37,,10068979.37,-15904181.81,-130492019.72,-1119036133.74,573634284.69,3005596640.1,3272849528.33,3403341548.05,1565375500.83,,267252888.23,,,,,,,,,,,,,31102587757.68,17951794277.35,13150793480.33,11748327492.82,1402465987.51,13941681281.18,6502315235.89,2461174009.81,4122255689.82,4680258801.67,1090727155.27,,,-0.10224719445548927,-0.17746657663838789,-0.18363832987598627,,,0.9860527692583414,,-1695867520.55,
2019,2,7159864726.96,6867438276.73,7568780488.84,-155701871.63,-202095040.26,-149560395.11,-154043741.12,-4483346.01,-166352915.54,47887925.46,279936054.74,38811986.64,323845605.59,-3376020.46,,212205620.27,16872779.15,,10067999.64,6141476.52,1411089485.19,-2786803788.39,252527538.07,7094089428.49,7434163142.42,6023073657.23,3325630138.61,,340073713.93,770472754.82,770472754.82,5252486.45,2566441.63,,3376020.46,-43486720.26,-638386122.44,1166725097.8,-10067999.64,487462.2,-7885040.79,31295915546.16,17842102463.25,13453813082.91,12029301437.07,1424511645.84,14580332511.4,5849103952.99,2091775655.5,4314895017.17,4789877007.73,852036248.65,,2.23235749179459,0.040842454624720484,-0.021746482310442936,-0.02822609755447256,,,0.990813332237643,0.10870200940660149,-1914540653.42,
2019,3,11733288713.79,9533988757.67,10635054231.42,1386912668.52,1349454330.02,1454430895.59,1441632075.1,-12798820.49,1452227970.03,74075397.06,462969845.58,68923919.6,479037275.99,-7832294.98,,318897574.53,26083669.76,,10113956.87,67518227.07,4725830823.95,-6013991686.28,1941736518.15,11679320594.44,12224914965.3,7499084141.35,5857505832.22,,545594370.86,,,,,,,,,,,,,37233427679.45,17198191348.95,20035236330.5,18549347934.11,1485888396.39,15593130536.68,6258896985.7,3878732676.83,4956787853.98,4233273392.42,1054355131.55,3.2492646012122384,,0.1874410499705158,0.118203233752356,0.11501074958072084,0.027008433443738374,-0.00887800757978571,0.9954004268823137,,-1131675008.2700005,0.0464224373084503
2019,4,20221332525.64,12951140545.64,14419710636.12,6114363662.85,5937528173.28,6336458087.53,6319352276.5,-17105811.03,6314833418.14,110745672.73,691339222.8,111516485.46,527537232.8,,-1536976.19,460217013.68,42260737.05,,5540205.01,222094424.68,9988895350.91,-12798944185.66,10365557642.85,20446389275.17,21283103676.41,11294208325.5,13120600272.64,,836714401.24,1666965333.16,1666965333.16,11112746.72,6267894.01,,1536976.19,-1353447964.67,-1159989379.35,3885696590.0,-5540205.01,6796263.99,-19863691.14,52886586120.19,21175016303.49,31711569816.7,23107735222.7,8603834594.0,18864249817.52,7166176167.84,10933206261.29,8598858149.7,4256083392.42,1116726519.07,1.5764162270035227,1.2451347186663448,0.35953080593386366,0.3023719458199495,0.2936269489536065,0.028921323513095534,-0.0027068930930804393,1.0111296695825873,0.08329549854117198,-3131704921.7299995,0.035050247569233764
2020,1,8069942791.11,2862517848.05,3599321837.9,4131391734.25,4188743361.16,4544901139.1,4540499851.96,-4401287.14,4616740157.46,43444380.76,529345502.28,32524500.32,120764923.62,,-688581.91,132212968.13,17588347.17,,,413509404.85,4384756332.22,-7364960065.46,12820318901.14,8158503866.32,8938806577.47,4554050245.25,7804663940.26,,780302711.15,,,,,,,,,,,,,70973241223.49,30056291626.76,40916949596.73,27549605597.88,13367343998.85,22298244626.26,9543184618.65,20410228147.65,9836225007.9,10464659000.0,2879845805.75,0.9647638525066549,,0.6452864757351932,0.5119480820609061,0.5190549015755599,-0.013881914521574964,-0.0009693397827334129,1.0109741887275285,,-3419907608.04,0.09098314621027924
2020,2,21032854624.91,7909027939.31,9527045520.62,10784032839.1,10810787377.73,11758025711.1,11752743832.76,-5281878.34,11845321411.22,95864442.37,1070437867.83,150977372.18,278379036.48,,-3088357.0,320901529.55,24816667.78,,-14918.61,973992872.0,11140610724.95,-17451038996.42,19609263985.82,21314976743.34,22713716944.33,11573106219.38,17989313734.67,,1398740200.99,1339223117.04,1339223117.04,7980617.95,7353677.67,,3088357.0,-4160554630.46,-367704399.12,1564333331.08,14918.61,6663092.32,-5281878.34,87957608031.5,39908273769.17,48049334262.33,33321506796.33,14727827466.0,30580742557.8,11326730798.3,23784058775.05,12346089110.96,13418358988.8,5235630111.29,0.9474899101838893,0.8494121510509538,0.6239679263535135,0.51272321477124,0.5139952503131162,-0.002480940018375538,-0.0004494166141252149,1.0134134012458713,0.06440197666063581,-6848703009.719997,0.0828364298506777
2020,3,39164553577.78,13838111945.65,16537161922.97,20987828337.83,20963231223.84,23081616831.88,23084244696.72,2627864.84,23185660727.49,166110775.49,1753446959.7,251894196.33,493565108.46,,-5989416.31,526265601.3,38010123.99,,-14918.61,2093788494.05,19100181559.33,-30973389503.64,23814684926.94,39601493621.52,41655052028.22,22554870468.89,31687665926.6,,2053558406.7,,,,,,,,,,,,,103799294035.24,44987352658.64,58811941376.6,43833583905.0,14978357471.6,40460702911.1,14037844959.06,22496461869.59,14087389928.41,15250358988.8,8328675539.36,0.8275062227421219,,0.6466674407977664,0.5358883587463497,0.535260313441527,0.0011719704199060002,0.00011383802565450142,1.0111565179179751,,-12587484367.269997,0.09071238420170329
2020,4,56277065607.85,22128437831.42,26726364754.19,27451421940.73,27326977374.14,30374769876.15,30372513238.14,-2256638.01,30423959007.24,292042064.39,3155567045.99,411871806.55,687804449.44,,-4248981.4,824220309.91,50659179.04,,1224379.79,2923347935.42,23185751195.99,-45353305658.4,26124065928.36,56968155815.15,60045172826.43,36859421630.44,46070787544.35,,3077017011.28,3579084362.02,3579084362.02,17409824.23,18795404.63,,4248981.4,-14013046322.9,-2036405624.83,2991731449.24,-1224379.79,18720865.05,-3118308.33,122627256969.07,56522016805.29,66105240163.78,50406879150.81,15698361012.97,58530493076.94,21179222490.74,14593569721.56,14834852443.45,16532509137.47,10337886259.64,0.7633226948064962,0.682048032574724,0.6067947468047563,0.48779057053217867,0.48557928667709715,0.004533264865429804,-7.429869212029012e-05,1.0122801393398095,0.0642409043867367,-22885036348.359997,0.0962426364821742
2021,1,20152096045.72,10906292214.91,12411875287.37,6963072000.64,6952812743.7,8049360086.59,8037740268.0,-11619818.59,8041800167.99,155949869.59,768616726.31,131807025.37,431979433.63,,-10608058.11,320153910.35,9977973.01,,,1086288085.95,4755828247.31,-14550287971.67,3764179559.73,20397672126.91,21575960124.23,16820131876.92,14491513895.45,,1178287997.32,,,,,,,,,,,,,143718725940.74,69083701587.16,74635024353.58,58556128679.32,16078895674.26,70202714404.27,27441189392.0,8823895280.98,16010837612.85,15812428839.26,14769039450.66,0.5908330843880462,,0.4588010998872581,0.3455259435466442,0.34501685223838896,0.0014733808495815597,-0.0014456573865991957,1.0121861309430467,,-9735685648.14,0.1349533471312489
2021,2,41537965511.38,27901480438.01,31143987273.28,9525980558.07,9435619188.25,11163206772.25,11149926701.22,-13280071.03,11101920568.61,352622696.8,1563580351.09,306424114.0,981208569.5,,-15558175.81,694778042.7,20939189.14,,37258.72,1637226214.18,13198018566.5,-22426762440.16,220949041.53,42178271201.72,44659612374.1,31461593807.6,22321028753.98,,2481341172.38,3479589275.9,3479589275.9,10235468.72,1095101.17,351028089.04,,-8338700565.77,1617245272.22,3526007671.8,-37258.72,54546619.24,-16838996.14,154371693643.99,81958033706.33,72413659937.66,55836603835.17,16577056102.49,83117501859.45,29517923056.51,6035724094.7,14262639929.87,17544761873.96,14511475909.75,1.1822784291076849,0.8795656442164289,0.32828967200220877,0.22933190012544555,0.2271565078377505,0.009485781465662287,-0.0011910455903308248,1.015414950695276,0.09249244366042521,-9123010187.48,0.14666271507662929
2021,3,56281803768.28,42705689806.35,47712445566.65,8704266223.85,8650197693.95,9714668104.44,9689289816.95,-25378287.49,9759034228.27,527695002.4,2409784770.28,466821608.33,1544817218.47,,-16068009.86,1174750148.99,29238221.81,,411976.84,1010401880.59,13293165491.84,-28325326301.37,9575940274.5,57178106451.45,60626936786.89,47333771295.05,28224281833.32,,3448830335.44,,,,,,,,,,,,,169205263098.86,97750038905.93,71455224192.93,56199238999.37,15255985193.56,89064992239.72,33677496440.9,9949744561.49,14693147993.67,18793201480.68,14508857936.91,1.3683602310370726,,0.2412167530704017,0.15465506862016493,0.15369439347686983,0.00621172750344537,-0.0026192102795402385,1.015925265772579,,-14931116341.48,0.10400786416246223
2021,4,78889870566.4,65679895184.29,72899887645.69,6903777691.92,6785021475.69,7638583062.35,7610601758.08,-27981304.27,7668310234.63,699739468.76,3442206185.23,808149645.92,2177725896.35,,-17586410.84,1694077928.17,-12669300.34,,100826.91,734805370.43,16295026813.82,-35967714588.11,14170997367.2,80150334237.77,84795375209.59,68500348395.77,35852334356.78,1965438.27,4643075533.55,8090309516.12,8090309516.12,21134895.55,1926322.57,782271875.03,,-13296510118.11,-1872048991.29,11874426415.27,-100826.91,129901320.41,-31287046.26,177265759187.58,108661642156.23,68604117031.35,54351768519.36,14252348511.99,99550929343.39,34475732608.85,12197631807.23,11103405811.26,22291617876.55,13923309531.58,2.133252552313918,0.9855331079573583,0.16744830847442482,0.08751158599137555,0.0860062442361239,0.01720162808385178,-0.0036766217914756733,1.015977509689398,0.11276026371196439,-19557307542.96,0.09619655431277564
2022,1,18277656240.56,22487693038.05,24628547046.87,-5180230377.25,-5240714569.53,-5759371001.08,-5784213974.49,-24842973.41,-5809151644.52,195317192.99,956720467.39,244297976.27,709195728.81,,5135441.83,536946980.23,6591370.2,,-1329752.26,-579140623.83,-58213007.43,-5912610439.14,8188296935.34,19034733641.83,20032221444.43,20090434451.86,5914267261.26,12480366.02,985007436.58,,,,,,,,,,,,,184033555263.67,119959298117.64,64074257146.03,50500802682.53,13573454463.5,100938195398.31,35794763448.82,16115760501.79,11272904127.25,31974107239.57,12317084594.74,,,-0.2303378913619949,-0.28341874412511026,-0.2867279316644721,,,1.041420923520269,,-5972480268.690001,
2022,2,44267648738.04,48466775127.42,52824773588.55,-6683595896.21,-6870597916.81,-7387967519.67,-7421831468.35,-33863948.68,-7514876744.17,377996026.39,2009695024.23,486330294.88,1410135583.83,,-11244800.43,1133776539.78,26575709.34,,-1583655.87,-704371623.46,190418586.16,-8009432097.72,6003056054.01,46432630142.19,48382507784.64,48192089198.48,7971549102.66,145630056.53,1804247585.92,5271901248.33,5271901248.33,11956267.04,204266.52,462959964.42,,-797647868.25,-3674201133.78,4325554527.54,1583655.87,56724049.52,-37747567.85,181654329668.12,120767486739.05,60886842929.07,47993469472.22,12893373456.85,103993932302.86,35273380477.1,13571766245.94,8514449392.11,29232809316.49,11711426679.95,,,-0.09485767844208114,-0.150981497475981,-0.15520584699376566,,,1.0489066274326333,0.12982441828611238,-7781130516.5,
2022,3,80773540062.83,73940329356.96,80588614563.0,1512298977.39,1299927442.5,1825196326.35,1770999955.61,-54196370.74,1672952993.59,562279703.95,3059489381.81,766011314.33,2129857733.44,,-20890030.79,1671497566.58,28628836.99,,-3165302.73,312897348.96,9859427608.05,-11765754741.88,3285299127.64,83126596153.87,86081594986.13,76222167378.08,11613297157.98,173472629.73,2781526202.53,,,,,,,,,,,,,185007052395.58,113715474439.23,71291577956.35,56488182102.42,14803395853.93,103820467996.6,37483299663.57,15106328390.15,8023918589.75,29747763840.85,11031365244.05,5.401844977283476,,0.08459714283359075,0.018722702709496854,0.016093481126230776,0.14042959630675764,-0.03060212992570782,1.0291315211542005,,-1753869549.9300003,0.17143216016971027
2022,4,124826212177.74,102987059470.99,112182629435.62,13266156512.39,13029323049.56,14933400591.58,14930032188.22,-3368403.36,14853694936.04,758741877.22,4201403857.32,1142403916.15,2907716277.46,,-23105915.89,2188567446.35,46891941.67,,-2241278.21,1667244079.19,23010550801.93,-15928720515.89,2420574383.27,127402641896.52,131820181555.41,108809630753.48,15738918946.02,182265457.08,4235274201.81,11190421623.02,11183526434.25,24081493.87,1204161.06,916028105.22,,-3775986495.75,-702025381.2,-3728341606.52,2241278.21,204165258.99,-6704024.24,192947611799.0,104877234930.92,88070376868.08,71783350329.31,16287026538.77,106358717863.88,38251719104.6,20793548584.65,7441270850.48,29165439679.99,10646385315.97,1.5408781583817013,0.8501915831273612,0.1749564640770581,0.10627700929913922,0.10437970376772748,0.017852455050474343,-0.00022561259865586333,1.0206401337814484,0.09718900518983646,7271631855.91,0.11164530603498667
2023,1,24198301291.41,23742655017.35,26035171220.85,-1198054174.39,-1252147469.2,-1200495384.05,-1183700466.38,16794917.67,-1190477753.96,205004149.42,1022195273.19,312427832.71,710058958.14,,9016472.65,616452904.35,11323899.34,,513309.77,-2441209.66,-3853793609.91,-4047346897.67,10174107995.59,24586752851.96,26260602077.29,30114395687.2,4058595551.25,5590104.42,1668259120.91,,,,,,,,,,,,,198089643750.55,111659844741.46,86429799009.09,70306770559.19,16123028449.9,107478005647.4,41857754383.26,23209733828.29,6366053561.74,40664243443.15,9791742984.87,,,0.018829680173531368,-0.04950984616491612,-0.05174526319516866,,,1.0160528442005925,,-7912389161.16,
2023,2,51868974466.09,51132881181.99,55818162154.85,-2779217657.24,-2786143275.0,-2789224165.31,-2784711183.06,4512982.25,-2682002223.2,453746620.93,1921336484.81,732418046.46,1487177036.07,,11749784.78,1254662891.5,1830900.5,,-1058111.22,-10006508.07,-1044041987.65,-9691748252.45,7563508056.77,52777436933.62,56580781358.71,57624823346.36,9554565889.82,13976873.36,3789367551.73,6111079006.36,6107498504.58,12390886.2,2669526.95,434406257.51,,-3942185553.65,2153102590.98,-5038583314.71,1058111.22,126400336.76,2005093.48,191920659062.65,115264676316.7,76655982745.95,64163551445.08,12492431300.87,109192452853.76,42193904658.25,17553101194.43,4909855202.0,45333671710.62,12143703467.66,,-0.27683717349693915,0.014191398454990253,-0.053581503892214964,-0.05371502528590529,,,1.0175145638964564,0.1264830420217589,-10598607877.47,
2023,3,82968655500.72,79130164411.09,86289586346.53,-1842329322.27,-1715583218.44,-1679244638.52,-1689747344.08,-10502705.56,-1422771777.33,704179929.93,2903424676.8,1136845156.04,2279135718.93,,10304671.99,1901476715.58,-5221652.59,,-8400666.5,163084683.75,6688025660.0,-14621095233.78,3306090250.19,84512602680.63,89145155787.54,82457130127.54,13842115841.44,13898841.72,4618654265.19,,,,,,,,,,,,,189547131797.65,113065994784.57,76481137013.08,65219859961.67,11261277051.41,110338472281.68,40578345828.84,15762872524.96,3475717400.29,45333940020.9,11998183323.73,,,0.04626435207928245,-0.022205124467203307,-0.020677486070930874,,,1.018608800764484,,-7154090181.440001,
2023,4,110860727714.4,107414785992.36,117175123251.14,-4263280820.31,-4026262919.48,-4167868982.84,-4170088485.57,-2219502.73,-3731911833.83,982629505.79,3876278534.16,1657729636.74,3054136191.99,-202476115.94,-4165810.97,2805639552.51,-6388843.39,,-10125079.3,95411837.47,9892816863.72,-17218814433.26,3198968342.21,113022315178.98,118881000797.86,108988183934.14,17015725403.56,13927483.36,5844758135.52,12655869419.9,12649134947.41,26237003.95,6861102.07,845798731.31,202476115.94,-3881569930.51,-1312272142.85,1402176006.33,10125079.3,378871734.51,-3647150.11,195404553902.24,121367898324.01,74036655578.23,62828051373.1,11208604205.13,112150493445.44,41930812919.17,19429106263.01,2308343400.07,46929024084.71,9863454832.92,,1.0337998592172026,0.031083520675756766,-0.03845618649818976,-0.03631820756086394,,,1.0194982254685239,0.12208801562351582,-7122908539.84,
2024,1,26272049758.43,26928981911.85,29495761881.71,-2378911751.33,-2386836453.46,-2458787488.86,-2467810573.67,-9023084.81,-2443938017.31,280075172.54,927241940.31,475750518.07,831391743.53,-2965125.21,11871513.77,771055089.93,-1853967.23,,1666594.71,-79875737.53,5066779306.59,-5421723824.37,1978860323.55,26855099758.0,28743445218.43,23676665911.84,4812211531.17,,1888345460.43,,,,,,,,,,,,,196664428612.52,125058081646.7,71606346965.82,61177227073.81,10429119892.01,110785607374.68,39330717880.65,23024185009.69,2296229515.48,50800381178.22,10441786092.56,,,-0.02500498284147799,-0.09054914912250692,-0.09085078916212573,,,1.022192786818353,,254567775.42000008,
2024,2,56866110089.83,52463816378.43,57303358837.05,829288208.44,878524246.17,1024789694.04,1004954074.09,-19835619.95,1155749117.02,530455047.64,1757711156.99,875591367.45,1572134937.82,-19182471.83,9366392.53,1593967085.07,7745562.82,-3128000.0,4229295.65,195501485.6,15473830280.37,-6335381096.43,-8341870920.54,57920324596.39,62006957596.41,46533127316.04,5999964473.27,,4086633000.02,7015324147.48,7012321747.45,14814536.75,5976056.65,399095285.81,19182471.83,1981329014.16,204104384.69,2924940044.09,-4229295.65,173640589.57,-20385865.15,191598234303.12,118422563414.89,73175670888.23,64083192543.83,9092478344.4,108984865887.99,39930301433.19,20360007111.79,2094499466.88,43151920022.99,11123267425.63,15.099517852651259,1.8249201313243872,0.07741506680245591,0.014583171015741955,0.015448994924784142,-0.05937144315921162,-0.01973783724192713,1.0185385373624938,0.13074940443341,9473865807.1,0.1907722986843085
2024,3,96775125566.31,80065365369.9,87257969738.37,10481068452.78,11220611180.39,11245651658.16,11213334238.01,-32317420.15,12114594947.09,789207900.14,2688276990.82,1267646353.55,2285137859.51,-12472553.87,9156742.95,2552428801.75,42171395.16,-1435440.0,7590173.16,764583205.38,29177873951.82,-12668460355.76,-14540648643.14,98604777768.48,106042619313.18,76864745361.36,10165085857.38,,7437841544.7,,,,,,,,,,,,,191271082983.86,111669214394.0,79601868589.86,72254744729.95,7347123859.91,107532845270.27,39951890285.77,19325099345.77,1840955012.64,41869440334.39,10623999868.76,2.5945916554020356,,0.17266585911025795,0.10830333095872252,0.11594519887966122,-0.07055986047050787,-0.002882052694055366,1.0189062240060471,,19012788094.440002,0.06798923073748313
2024,4,137946892076.87,109319018236.95,118692275807.63,17881260485.27,18746855671.39,18925044904.25,18896478910.64,-28565993.61,20010546646.69,1095680280.69,3331717607.87,1747217657.28,2975449911.06,-12884326.14,283692.84,662888856.82,99638320.05,158000.0,5845833.88,1043784418.98,37543066214.49,-13246168121.58,-25228713525.65,139571501962.38,146910703685.48,109367637470.99,12380725812.0,,7339201723.1,14267287454.63,14261282654.57,29772853.8,11464610.83,800310650.91,12884326.14,-51909863.62,2415660251.26,-3032570565.57,-5845833.88,954948137.44,-31309430.38,187648723830.92,110112494714.77,77536229116.15,72031777857.01,5504451259.14,106751360258.78,41969838456.65,16951642855.0,2018203532.86,45257669125.09,8797453756.82,1.983776863116396,1.1026911494942537,0.2075282263261669,0.12962423593643405,0.13589907963235184,-0.04840795126456818,-0.001511709866429952,1.011777067689243,0.10952646589348819,25162340402.489998,0.055153603294520966
2025,1,36061237090.13,28921588843.74,31513836185.62,4491095122.49,4509172708.2,4619297047.43,4608980250.9,-10316796.53,4661656654.48,326071241.9,949728261.6,513534675.35,737228155.91,-4861348.2,592490.67,90811968.22,25730990.54,254880.0,1726768.74,128201924.94,7506015637.01,-7446148635.77,6548071550.63,37368184107.8,38561621855.82,31055606218.81,2866856539.71,,1193437748.02,,,,,,,,,,,,,198170939146.5,117315530970.58,80855408175.92,76346263068.95,4509145106.97,105889333073.74,42809476063.01,23566229386.7,2489886466.12,52350736364.54,7784710323.29,1.6249259486756886,,0.19798678089011332,0.12454079462845766,0.1250420970564586,-0.004025206595930944,-0.002238411962816597,1.0362424343458732,,4639159097.3,0.02775355722389116
2025,2,76462752679.74,60774025235.12,65696337249.07,10530051098.42,10676851630.8,10790266620.34,10770067649.21,-20198971.13,11005768383.34,641006568.06,1813822412.08,921062913.01,1411019996.45,-2029601.99,-5176391.28,172030068.24,67005251.73,4691165.51,2832460.46,260215521.92,17350809939.4,-5931445429.58,-7863100413.38,78524590695.1,81301861253.44,63951051314.04,5225824186.32,,2777270558.34,7303374445.31,7300372045.28,14966633.7,5129780.39,409233705.37,2029601.99,2805173342.86,-580926790.87,-5044455209.25,-2832460.46,256233608.35,-27284611.72,186454034629.62,104520219295.73,81933815333.89,78442231668.86,3491583665.03,103870900435.51,39162635511.8,20285494710.84,2538445367.69,46408449491.58,6952489490.93,1.608005673065869,0.9366158813597646,0.20518130586184055,0.13771477914906535,0.13963467514071065,-0.01394110351487526,-0.001875473004246322,1.0269652601181636,0.10113034508655482,12124985753.080002,0.02411576387088391
2025,3,111790004878.72,90855472034.76,97957613626.94,14778904957.09,15473377552.36,15112123219.8,15096472050.73,-15651169.07,15948747717.58,943713593.9,2741455314.71,1263347695.17,1950978061.16,-2934053.12,-13032562.84,2028722476.96,95790321.35,6027084.65,1783198.8,333218262.71,28579542847.47,-8499316800.5,-15656261351.92,115157711555.67,119893337048.28,91313794200.81,7286587136.74,,4735625492.61,,,,,,,,,,,,,180755919633.38,100316102480.15,80439817153.23,76870330747.41,3569486405.82,101353281667.56,36520289325.05,19035214044.41,3227149012.29,39760262858.02,7924528346.39,1.891166610527957,,0.18726658851720865,0.13220238225343586,0.1384146782098,-0.04699080190896252,-0.0010367434866507886,1.03012529322817,,21292955710.730003,0.022049731719591546
2025,4,144144965371.68,118461055325.37,128060061874.57,15486891254.04,15988392483.9,15811817543.45,15809937800.4,-1879743.05,16894216594.0,1294581842.45,3922418192.19,1648195006.0,2457807449.13,-72086229.07,-27806721.05,454772128.58,102171232.13,-207706.3,352470392.6,324926289.41,30056186914.47,-7244761687.12,-22877950696.52,148839803701.86,155163719442.38,125107532527.91,9528929651.93,,6323915740.52,14480075075.67,14474076239.39,32057648.99,10696376.09,815680912.4,72086229.07,4720313808.18,1161694222.19,-10416539467.22,-352470392.6,985740168.25,-39477240.89,171741086702.08,92999107770.76,78741978931.32,77689245439.49,1052733491.83,100634104612.66,37177438419.4,13862397618.88,2488721356.5,41155376669.3,7733417073.16,1.900868564406164,0.962647767107127,0.17818111080108587,0.10743969596237243,0.11091884092291178,-0.03238230459771416,-0.00011889629635054235,1.0325702553542142,0.106410306968401,20527257262.54,0.020549585050366317
2026,1,29893668691.43,28347591458.67,30660788110.83,-1214841304.35,-1141499294.73,-1222150012.25,-1060188790.22,161961222.03,-953579354.35,346287117.04,940081009.79,380787828.04,580371980.77,-322208835.56,-15520076.74,131069557.06,20852603.5,690158.22,-1343341.43,-7308707.9,-919971284.57,-7781509914.86,7987508158.26,30852082458.77,32505773205.89,33425744490.46,4491282707.2,,1653690747.12,,,,,,,,,,,,,177196601090.99,89893899791.41,87302701299.58,87279527194.25,23174105.33,99179929630.17,39697692156.81,14269789991.28,3333483767.31,40172035605.49,7772745241.5,,,0.05171922017063218,-0.04063874919100425,-0.03818531965791299,,,1.032060761000364,,-5411253991.7699995,
2026,2,59410306384.59,60346397370.48,64732702472.99,-6077653278.94,-5895303071.49,-6084444904.94,-5664332696.94,420112208.0,-5385331488.61,660361293.28,1761203529.95,708527070.24,1119551582.0,-313531318.38,-7818269.51,209910684.04,40112719.94,5557976.27,2832807.43,-6791626.0,-2223668382.68,-8015327308.85,11159762101.56,61850387055.24,64328733777.64,66552402160.32,6520966515.39,,2478346722.4,7771526052.76,7768541544.07,18422984.49,5792093.98,364379372.71,313531318.38,-1433951943.28,-1146739742.51,-3774041059.64,-2832807.43,142110743.75,-17797926.74,175063111942.34,94847917688.6,80215194253.74,80186616876.38,28577377.36,96767918564.63,38297859044.3,16546553782.7,2379663198.3,47252288510.69,4643134785.87,,-0.9307140233456505,-0.015756373647196217,-0.10229964544529663,-0.09923030918788762,,,1.041071672898878,0.13735193437845314,-8744634898.07,
