,,revenue,operating_cost,total_operate_cost,parent_net_profit,deduct_parent_net_profit,net_profit,total_profit,income_tax,operating_profit,sale_expense,manage_expense,research_expense,finance_expense,asset_impairment,credit_impairment,other_income,invest_income,asset_disposal,minority_interest,netcash_operate,netcash_invest,netcash_finance,sales_services,total_operate_inflow,total_operate_outflow,construct_long_asset,receive_tax_refund,receive_other_operate,depr_fa,depr_biology,amort_ia,amort_lpe,amort_rou,impairment_provision,inventory_reduce,operate_rece_reduce,operate_payable_add,disposal_longasset_loss,fa_scrap_loss,defer_tax,total_assets,total_liabilities,total_equity,total_parent_equity,minority_equity,fixed_asset,inventory_bs,monetaryfunds,cip,goodwill,short_loan,long_loan,cash_conversion_naive,cash_conversion_adjusted,gross_margin,net_margin,deduct_net_margin,nonrecurring_ratio,effective_tax_rate,collect_ratio,dep_to_revenue,free_cash_flow,minority_ratio
2011,3,447285144.36,414336938.05,576705626.1,-79496247.22,-127964058.28,-80539770.4,-80539770.4,,-129007581.46,24406061.52,101110379.28,,36396085.77,-40842.25,,,412900.28,,-1043523.18,-86835574.76,-171531439.32,188561529.44,338514597.67,353102431.52,439938006.28,190946228.51,,14587833.85,,,,,,,,,,,,0.0,1745954916.39,1569049441.2,176905475.19,190161897.87,-13256422.68,585009718.07,102018524.15,31288842.5,504062491.54,,1030000000.0,,,,0.07366264389832149,-0.17773057795994446,-0.2860905619011737,,,0.7568205694699858,,-277781803.27,
2011,4,569400135.13,555042525.36,830373308.61,-165536114.81,-196786114.66,-167074466.41,-167074466.41,,-212872514.1,33547320.49,123465904.01,,34320270.4,83462981.17,,,48100659.38,,-1538351.6,-173332848.05,-243391415.27,327941726.85,388308497.39,434253672.23,607586520.28,249691322.4,,45945174.84,86849814.92,86849814.92,6383029.24,,,83462981.17,-14005140.22,-245576691.24,70378268.5,20889846.8,,0.0,1799940139.08,1691743042.18,108197096.9,110932603.77,-2735506.87,874014756.27,121673029.65,28311790.67,331251511.57,,1190087018.2,,,-18.0154227163994,0.025215325540310925,-0.29072018883909534,-0.3456025078305815,,,0.6819606695410163,0.1637387109834703,-423024170.45000005,
2012,1,111534950.45,107230424.34,152842026.42,-40643840.99,-41192150.71,-40758769.25,-40758769.25,,-41307075.97,6185569.1,23498011.65,,15924112.53,,,,,,-114928.26,-51713083.55,-41787936.94,98943172.64,101889720.63,105640925.01,157354008.56,41787936.94,2252842.32,1498362.06,,,,,,,,,,,,0.0,1854693653.34,1786877236.69,67816416.65,70666851.78,-2850435.13,848232740.55,121910102.55,26640042.82,412312709.61,,1310000000.0,,,,0.038593517929876836,-0.3644045281413401,-0.36932056314012557,,,0.9135228035599131,,-93501020.49,
2012,2,330764929.16,286046281.06,364367304.57,-27652600.25,-31912011.99,-27847025.9,-27847025.9,,-33602375.41,13857286.95,35856558.67,,29055553.07,-457579.0,,,,,-194425.65,-59723828.82,-93540288.14,155146425.02,226253462.43,238425194.47,298149023.29,93814435.34,2252842.32,9918889.72,43911549.55,43911549.55,3164238.58,,,-457579.0,28295818.15,-146090700.62,11915738.89,-253378.65,,0.0,1983542718.74,1901875082.67,81667636.07,84597568.59,-2929932.52,828299075.86,99138768.01,36194098.73,520289901.75,,1120000000.0,280000000.0,,-3.181676300753898,0.1351976710879417,-0.08360197170910971,-0.09647943048570087,,,0.6840309914493837,0.14232400106490176,-153538264.16,
2012,3,559584400.23,449666291.79,574440433.11,-6205871.87,-13106350.47,-6459616.51,-6459616.51,,-14856032.88,21395671.27,62808176.73,,41009079.45,-457579.0,,,,,-253744.64,-107403922.91,-108608181.75,212857997.8,372184895.67,389304572.02,496708494.93,113302224.95,4168301.32,12951375.03,,,,,,,,,,,,0.0,2064857464.47,1961567872.18,103289592.29,106278843.8,-2989251.51,928503130.45,120714239.25,23271583.81,434618156.94,,1040000000.0,430000000.0,,,0.19642811414117609,-0.011090144520557161,-0.023421579416104232,,,0.6651094911098752,,-220706147.86,
2012,4,760165621.03,587733524.61,777778640.64,11126081.09,-15172176.75,10258279.3,10258279.3,,-17570349.71,29087760.49,96888945.28,,51709283.78,11941139.52,,,42669.9,,-867801.79,-47567513.65,-260010760.17,333804794.69,452162810.55,490016194.67,537583708.32,263047473.27,9159100.0,28694284.12,91710284.87,91710284.87,6347307.0,,,11941139.52,-4076422.67,41271529.06,-253758064.44,,-506291.23,,2230029931.83,2111353577.28,118676354.55,122279663.21,-3603308.66,1527928287.31,136444770.5,51154911.54,109711104.41,,570000000.0,1030000000.0,-4.636987574514568,-0.39554877821318973,0.22683490498604766,0.014636390784056397,-0.01995904093826578,2.3636586527880503,,0.5948214415923387,0.128995036288454,-310614986.92,-0.08459525858298672
2013,1,131596327.62,126573942.14,174298622.53,-39026444.04,-42649062.53,-39079676.42,-39079676.42,,-42702294.91,7376138.11,23279227.47,,17065954.81,,,,,,-53232.38,3064470.83,-3181541.03,-22448460.61,107112366.31,109373930.61,106309459.78,3216541.03,,2261564.3,,,,,,,,,,,,,2198578651.48,2118981973.35,79596678.13,83253219.17,-3656541.04,1495236917.17,124399145.65,28589380.73,209741681.02,,270000000.0,1330000000.0,,,0.03816508842482852,-0.29656180188168685,-0.3240900661996756,,,0.8139464698384263,,-152070.19999999972,
2013,2,365832476.15,324267986.37,429683137.0,-57055118.25,-63753175.05,-57152604.05,-57152604.05,,-63850660.85,15482555.06,50494878.15,,38220984.21,,,,,,-97485.8,-4782112.38,-6492564.87,-10606718.76,273856742.4,295199107.16,299981219.54,6527564.87,,21342364.76,66663443.04,66663443.04,3175669.8,,,,37400262.89,-98895559.72,8411644.8,-120017.16,,,2217190664.91,2155666914.41,61523750.5,65224544.96,-3700794.46,1677808634.25,99044507.61,27040315.53,42212156.9,,70000000.0,1565000000.0,,-0.37694471025546794,0.11361618360792426,-0.15595968638554125,-0.17426876837435198,,,0.7485851045321418,0.19090462819206985,-11309677.25,
2013,3,566876772.2,497316023.7,666121093.02,-91500371.71,-99101512.31,-91643180.22,-91643180.22,,-99244320.82,23942437.93,79905901.55,,61966498.86,,,,,,-142808.51,-42905006.75,-12453839.3,83587955.5,365322529.31,401376907.24,444281913.99,12488839.3,,36054377.93,,,,,,,,,,,,,2245332179.41,2183049205.39,62282974.02,66029091.19,-3746117.17,1643990629.03,90307951.01,71667420.99,46876431.01,,50000000.0,1703000000.0,,,0.12270876478152522,-0.1614113969688596,-0.17482020285536756,,,0.6444478716109935,,-55393846.05,
2013,4,797539698.41,655760864.73,927396121.65,-117030465.71,91749631.08,-117241755.91,-117241755.91,,-127516806.08,32826001.27,126911512.15,,98602783.5,8432525.36,,,2339617.16,,-211290.2,-73785861.66,-27675150.21,85804143.48,489397734.0,554624470.57,628410332.23,28339109.7,4751537.77,60475198.8,137335652.65,137335652.65,7838907.52,,,8432525.36,13488488.27,-53119482.01,-163043043.97,-338724.23,,,2232083219.87,2194660408.3,37422811.57,40495357.13,-3072545.56,1623356967.04,123003028.26,29462343.15,36513562.76,,50000000.0,1730000000.0,,-2.029016715399704,0.1777702526440435,-0.14673936099145357,0.11504083277975369,,,0.6136343243799381,0.18202800495000382,-102124971.36,
2014,1,125097963.13,123613219.89,195758357.35,-84693952.85,-70640480.18,-84713866.89,-84713866.89,,-70660394.22,5320482.23,36866210.91,,26370969.1,3527673.66,,,,,-19914.04,39621146.39,-437248.31,-24763875.0,127944271.32,133022278.17,93401131.78,5237248.31,,5078006.85,,,,,,,,,,,,,2166337972.26,2205954440.19,-39616467.93,-36524030.3,-3092437.63,1592544128.25,122907174.24,46102366.23,38378132.58,,50000000.0,1730000000.0,,,0.011868644403562917,-0.6770210380003331,-0.5646812978608727,,,1.0227526341659308,,34383898.08,
2014,2,659436632.74,345233069.91,551295565.88,88263918.22,77085835.81,93674202.84,120737591.24,27063388.4,108141066.86,1493369.1,25391216.57,,34227404.28,143048470.93,,,,,5410284.62,91900348.66,-71372574.58,-106932245.73,563771221.6,629734424.91,537834076.25,73683087.94,9349245.43,56613957.88,16473839.41,16473839.41,1108709.21,222736.95,,-1675524.33,96529228.66,-45986142.28,-104282038.72,1002738.01,,175439.98,2166789453.03,2256868780.79,-90079327.76,-87007834.06,-3071493.7,1558847273.22,104954679.2,54916697.46,38782150.0,,50000000.0,1730000000.0,0.9810635785923918,0.8369492798369652,0.4764727150878239,0.1338474598435,0.11689650223055335,0.126643849892754,0.22415047477801578,0.8549285763174783,0.02700075289420598,18217260.72,0.057756398837372804
2014,3,1113644612.09,573361573.72,944810315.02,138743191.69,126228821.45,147063463.28,184235666.19,37172202.91,168834297.07,3053141.94,37388762.65,,53452929.52,274302885.6,,,,,8320271.59,280989219.02,-86426596.33,-287188721.02,833005653.54,1250453617.04,969464398.02,86798504.27,10384764.38,407063199.12,,,,,,,,,,,,,2083765190.57,2234437456.91,-150672266.34,-147563072.72,-3109193.62,1526375292.31,88562604.35,49172059.21,40525781.71,,140000000.0,1730000000.0,1.9106664072300092,,0.4851485227015462,0.1245848003786574,0.11334748992598613,0.09019808530829679,0.20176442313653187,0.7479995363841262,,194190714.75,0.056576061820050455
2014,4,1499354682.01,742357269.65,1302164185.14,168413165.34,150692971.45,178097125.93,220196340.04,42099214.11,197190496.87,4541055.51,52963271.63,,69671682.58,428531603.37,,,,,9683960.59,179039464.0,-107376109.21,-166210488.51,1216659219.51,1272745988.94,1093706524.94,107782738.18,16351595.45,39735173.98,39283542.49,39283542.49,2436176.97,459091.62,,75920554.51,-8515244.19,-274354315.2,113408260.53,78191.53,,-18767721.0,2174077880.19,1434427141.93,739650738.26,700168914.85,39481823.41,428231689.37,296381421.73,125211366.27,2201282.11,,530100000.0,60000000.0,1.005291146979937,0.6044617985892339,0.5048821479285921,0.11232376659152406,0.10050521951749569,0.10521857869143246,0.19118943622020432,0.8114552441180728,0.02813130981353663,71256725.82,0.054374603404920875
2015,1,363986511.6,173828006.51,334590609.24,27538590.78,22046795.84,28757123.36,34876959.37,6119836.01,30977902.36,609780.67,12533109.78,,21186685.15,125524954.18,,,1582000.0,,1218532.58,-183514182.08,-3678858.1,204055454.87,103932899.61,204252153.46,387766335.54,5260858.1,2268144.01,98051109.84,,,,,,,,,,,,,1999012435.28,2271076581.93,-272064146.65,-268894627.4,-3169519.25,1459594699.28,126894495.66,22256919.96,40332476.26,,200000000.0,700000000.0,-6.381520842076327,,0.5224328348160691,0.07565827277210566,0.060570364937666,0.19942178537285346,0.17546931041425817,0.28554052498576155,,-188775040.18,0.04237324313512282
2015,2,777253224.93,360811317.44,678589908.73,79633182.07,74595939.81,83629766.9,107000468.65,23370701.75,100245316.2,1493787.0,24634180.19,,37664202.51,251968690.37,,,1582000.0,,3996584.83,-6783343.84,-2132328.12,25741763.97,654864607.75,764426591.82,771209935.66,11787798.73,2683015.11,106878968.96,20630825.81,20630825.81,1200524.65,468836.36,,46611333.57,-56041720.16,-106167193.58,-25672975.61,-659.82,,-6765739.59,2320205592.57,1496123704.2,824081888.37,780603480.14,43478408.23,416202292.56,326529581.09,112537756.39,3967995.85,,419100000.0,30000000.0,-0.08111159568471785,-0.04446890386537789,0.5357866575947692,0.10245461776909555,0.09597379260371441,0.06325556921199131,0.2184168167192415,0.8425370094913117,0.02869101871144809,-18571142.57,0.047789022714590394
2015,3,1151623476.92,494012957.13,1006435491.5,116967648.5,109317095.8,123468184.18,156707922.23,33239738.05,146769985.42,4511938.32,38005901.87,,53973612.75,413411687.74,,,1582000.0,,6500535.68,-282015547.37,5329481.51,325856185.9,586623765.21,1043597343.78,1325612891.15,19294594.56,3118833.66,453854744.91,,,,,,,,,,,,,2680988961.71,1817068656.06,863920305.65,817937946.57,45982359.08,414376284.7,387769403.18,133387601.48,6113628.2,,637600000.0,30000000.0,-2.2841151284679078,,0.5710291019324907,0.10156761375934106,0.0949243376770739,0.06540742502829748,0.21211268439392672,0.5093885084549653,,-301310141.93,0.05264947988967824
2015,4,1607137354.5,683488936.64,1379633169.0,175148368.56,166576698.13,186722751.98,240266593.68,53543841.7,229086185.5,6179023.32,69499436.53,,66759005.14,550519726.37,,,1582000.0,,11574383.42,68602936.34,4507703.11,-36794918.33,1591274515.51,1810616300.59,1742013364.25,36180650.56,3877403.1,215464381.98,41765618.7,41765618.7,2409761.17,953046.19,,99120095.53,-193431195.35,-148052704.31,33916645.54,723904.43,449338.93,-24369510.0,2436843234.58,1509668361.13,927174873.45,876118666.62,51056206.83,417743649.16,392713931.37,137013642.36,7674892.01,,850000000.0,200000000.0,0.3674053408732328,0.20727761536528205,0.5747165388656891,0.10898158024239987,0.10364807815808876,0.04893948199730812,0.2228517950827262,0.990129755278487,0.02808000569063993,32422285.78,0.06198700103370231
2016,1,224957924.14,151676784.6,224585121.85,227879.05,-1493778.51,396421.34,2636584.15,2240162.81,372802.29,1471196.4,12654969.73,,15997961.64,42305477.59,,,,,168542.29,-171187999.77,-8813550.5,191321575.13,112578944.39,211902305.26,383090305.03,8818550.5,,99323360.87,,,,,,,,,,,,,2604369978.18,1676798683.39,927571294.79,876346545.67,51224749.12,416270220.82,395705933.57,150947112.2,4639006.94,,971000000.0,299950000.0,-431.83346227021985,,0.3257548709170801,0.0010129852098838806,-0.006640257353505645,7.555137517029319,0.8496458609143956,0.5004444489803248,,-180006550.27,0.42515947804424453
2016,2,568297442.13,334300739.15,540676605.15,25581339.59,19938144.93,27076819.7,36477292.97,9400473.27,27620836.98,2808470.81,27898702.53,,35485848.52,139085171.09,,,,,1495480.11,-306866806.77,-16807545.12,333544704.72,271302823.91,308813567.57,615680374.34,16814545.12,1639913.04,35870830.62,21904218.7,21904218.7,1213865.25,327003.36,,-10350582.74,-58020681.97,-259703061.85,-60910280.53,9278.88,124229.27,-2566679.4,2858489859.27,1904238166.12,954251693.15,901700006.21,52551686.94,410677614.16,459146540.29,150897360.73,7495416.6,,984000000.0,299950000.0,-11.333192382634213,-7.638951723559897,0.41175040679924874,0.04501399741325631,0.035083995548653345,0.22059809026599925,0.2577075354174781,0.47739582091579885,0.041254958357945334,-323681351.89,0.05523101038339448
2016,3,915371120.88,466872496.64,842892304.34,60701523.49,53671675.57,61978655.73,84557704.07,22579048.34,73546666.54,4485622.56,47799064.99,,57225937.56,264820259.22,,,1067850.0,,1277132.24,-622971205.6,-28513847.34,787387149.38,386575599.13,513470129.22,1136441334.82,29597991.58,1776185.13,125118344.96,,,,,,,,,,,,,3390959070.65,2397232010.11,993727060.54,939564308.93,54162751.61,402524882.48,571519406.96,266283453.35,8220136.81,,717000000.0,384950000.0,-10.051382984391811,,0.48996370325604327,0.06631356627423865,0.058633787264778754,0.11581007387991016,0.2670253241657109,0.4223157037752755,,-652569197.1800001,0.020606000968520846
2016,4,1461364853.11,769983333.89,1312306199.23,140179720.31,138330808.62,140160788.46,174798458.73,34637670.27,164442538.75,8554779.88,71996296.16,,86013963.81,373402881.34,,,16367850.0,-983965.13,-18931.85,-374089380.98,-47082594.28,462005136.4,1047565580.34,1088827755.53,1462917136.51,44487915.02,2517128.29,38745046.9,46822988.46,46822988.46,2623395.96,981178.83,,30867675.55,-139562706.32,-571439244.92,45812967.98,631133.45,359304.54,-2262975.56,3319130914.15,2224535735.24,1094595178.91,1032654097.13,61941081.78,424298580.81,531515872.11,162204139.2,4825282.36,,641000000.0,184950000.0,-2.669001687920442,-1.6892264600267624,0.473106710995983,0.09592383449737202,0.0946586393710042,0.013189580389454536,0.19815775563274615,0.71684054677422,0.03450716851625568,-418577296.0,-0.00013507237086785433
2017,1,339526635.9,136077430.52,302477239.53,38321615.42,32887787.6,38830541.08,44233328.81,5402787.73,37049396.37,1518030.68,17357541.32,,23844124.11,120999234.24,,,,,508925.66,-248137395.32,-34672117.45,303359691.54,139616150.71,146323981.06,394461376.38,14845717.45,199341.43,6508488.92,,,,,,,,,,,,,3523093401.03,2460151081.19,1062942319.84,1062942319.84,,408670998.91,586320562.41,146528472.46,5992929.73,,945500000.0,85000000.0,-6.390263653776518,,0.5992142703052064,0.11286777344704933,0.09686364521246683,0.14179537476293583,0.12214291520331093,0.41120824096734737,,-262983112.76999998,0.013106324193409874
2017,2,906367423.01,409177727.15,793023279.67,105158487.21,96340920.25,106034360.09,123071460.86,17037100.77,114293343.34,3628647.96,39856853.82,,49989486.46,284865031.28,,,949200.0,,875872.88,-550903677.22,-78084449.7,943519780.22,369047984.04,380227960.58,931131637.8,26233649.7,376169.53,10803807.01,23707373.84,23707373.84,1437242.3,1039934.58,,96616157.69,-170369025.48,-776767036.34,138806592.25,60.0,,-20863949.64,4171064734.23,2586604557.52,1584460176.71,1584460176.71,,406787546.83,607466480.67,441492808.29,9720912.5,,1223500000.0,85000000.0,-5.195520364836485,-2.407426802330343,0.5485520366661661,0.11602191841888361,0.10629344987936208,0.08385026443363947,0.1384325874654284,0.40717260425624136,0.028889554120383586,-577137326.9200001,0.008260274115452531
2017,3,1553447591.76,801932375.27,1396295600.04,149260229.31,138235740.23,150334023.47,170037562.15,19703538.68,158101191.72,7202271.63,60537099.05,,79850180.0,436191167.01,,,949200.0,,1073794.16,-614195591.9,-213980084.92,1082250180.91,793636510.86,827946022.95,1442141614.85,43211250.89,2079069.78,32230442.31,,,,,,,,,,,,,4618007687.86,3002932531.53,1615075156.33,1609291454.23,5783702.1,462812944.62,498905323.92,381928643.29,21332020.68,36361747.21,1522500000.0,85000000.0,-4.085539505450449,,0.4837724944673289,0.0960832087942494,0.08898642024568328,0.07386086120170127,0.11587756511480896,0.5108872131056823,,-657406842.79,0.007142722154404931
2017,4,2736290837.82,1625901275.91,2473105667.32,240258381.83,212090556.18,242815945.77,292599461.31,49783515.54,285705192.47,44594246.75,134124257.45,16993.33,114500706.03,532721485.85,,23857359.23,949200.0,-2286537.26,2557563.94,-547184333.22,-149742251.89,1151018160.19,1767154092.78,2053818494.71,2601002827.93,61162299.03,16163056.04,270501345.89,51188464.92,51188464.92,2987215.11,3160890.63,,-109891098.74,355682923.94,-1228594627.05,-3804169.07,2286537.26,,17908378.14,4966595437.08,3178753231.27,1787842205.81,1780351451.9,7490753.91,476857172.57,313311078.58,606564970.81,19559785.71,35832957.08,1918450000.0,141000000.0,-2.2534942319574993,-2.875960559231971,0.4058010013272735,0.08780440240826651,0.07751023876868744,0.11723972098476364,0.17014219820198478,0.6458210027804975,0.020954121494511885,-608346632.25,0.01053293238996163
2018,1,568636750.52,335312043.85,487995403.5,64184670.86,57116642.11,65491932.19,88052939.34,22561007.15,86046457.26,11597923.66,31616567.08,,35116472.36,67451053.77,,4494848.31,909650.0,611.93,1307261.33,451104485.47,-20156079.44,-241066605.21,1020716841.06,1052701970.38,601597484.91,21943979.44,14189933.67,17795195.65,,,,,,,,,,,,,4610183059.09,2861082227.44,1749100831.65,1740669613.01,8431218.64,463069259.36,279268054.15,765412112.98,27795879.12,35832957.08,1503950000.0,141000000.0,6.887939787167853,,0.4103229459872793,0.11287464414022694,0.1004448658265029,0.11012019934505589,0.2562209429816406,1.7950243984874128,,429160506.03000003,0.019960646850477357
2018,2,1442395061.55,909159940.34,1094501424.79,175762960.84,150250220.87,179032234.62,230379092.87,51346858.25,225992336.4,25596492.58,70834805.24,,74283793.9,-132125279.95,,9629425.45,909650.0,-315095.86,3269273.78,288325221.95,-32167791.59,-81053415.81,1730571329.6,1770275993.54,1481950771.59,34078809.18,19121068.51,20583595.43,28053694.83,28053694.83,1706814.81,2604249.5,,-25990345.91,-43033302.05,542891.96,65015690.6,62726.69,290497.21,6252567.92,4918777325.27,3072909766.35,1845867558.92,1835293659.32,10573899.6,464255128.39,277730891.48,730797553.17,25919936.04,35832957.08,1520350000.0,153000000.0,1.610465414577307,1.5550964611757851,0.3696872898587053,0.12185493803003239,0.10416717643815342,0.1451542455137899,0.2228798525523077,1.1997901100273634,0.022438207120052657,254246412.76999998,0.018260810892178764
2018,3,2334457717.4,1537956116.54,1864229193.38,239564080.58,202961562.03,243786910.61,314894912.95,71108002.34,308431333.05,44466956.14,150913982.36,,107889519.93,-184921298.37,,23056736.76,616980.0,-549609.36,4222830.03,276602087.11,-44530205.1,-175393809.58,2439439796.65,2548843194.48,2272241107.37,46719522.35,32944202.02,76459195.81,,,,,,,,,,,,,5114235409.38,3213212758.03,1901022651.35,1889500019.3,11522632.05,461713687.22,213155232.09,656185488.72,25295255.53,35832957.08,1547350000.0,253000000.0,1.1346059819942356,,0.3411934150373488,0.10262086941836508,0.08694163124789779,0.1527880075401244,0.22581502404673892,1.0449706492722104,,229882564.76000002,0.017321807883096337
2018,4,3135964542.57,2129612498.23,2567070821.43,316138095.61,272296953.05,321649902.12,400948131.64,79298229.52,393133705.79,64380497.65,198522676.63,1379862.2,141679872.71,-218462548.07,,41139750.85,1639111.51,-76329.64,5511806.51,876368026.56,-43822469.29,-831522051.12,3684553185.7,3812336214.97,2935968188.41,66772594.81,43560032.18,84222997.09,58039550.82,58039550.82,3441040.07,2710743.37,,-139969740.54,274982860.8,219935440.74,-33145245.56,76329.64,2961726.72,24906543.16,4648880293.33,3216576575.17,1432303718.16,1417301157.74,15002560.42,472497502.75,176877602.6,648918416.11,24326132.06,35832957.08,1079400000.0,569000000.0,2.724602186364253,3.5643335701275976,0.3209067037203392,0.10081048153398987,0.08683036729326217,0.1386771893953714,0.19777677774839875,1.174934580950465,0.02046940690451609,809595431.75,0.017136042864218482
2019,1,676956084.12,450261454.72,539676238.52,86702924.87,79673468.12,88403618.64,106957034.99,18553416.35,105063288.95,14065383.35,32085618.2,,37264475.21,-37686985.7,,5464490.98,,5938.07,1700693.77,-98173473.98,-12455076.64,185823331.68,475922388.34,531887481.63,630060955.61,12490011.3,9824743.13,46140350.16,,,,,,,,,,,,,4913727475.99,3396179689.6,1517547786.39,1500844532.2,16703254.19,477767092.02,176804984.43,708883258.02,26050718.3,35832957.08,1360400000.0,681000000.0,-1.1105142016842673,,0.33487346479009583,0.12807762113949875,0.11769370272160337,0.08107519741161875,0.17346606842396728,0.703032884265556,,-110663485.28,0.019237829810175744
2019,2,1564517637.46,1048766367.64,1242754112.77,217350095.76,215028643.48,220926827.87,266914909.32,45988081.45,263760706.26,34911635.27,65803363.61,80949.98,80445533.08,-69414634.79,-1460787.47,12868905.02,,3698.81,3576732.11,147215664.89,-28888920.38,-48393525.86,1331287185.34,1460947289.2,1313731624.31,29012003.04,20259596.21,109400507.65,35054398.41,35054398.41,2384065.54,1187520.1,,-9909574.46,13277395.27,-277961032.31,91041721.92,2926.28,479159.03,2905881.03,5085930516.05,3439109577.68,1646820938.37,1628241645.84,18579292.53,475014093.38,174970569.26,749631695.61,26983091.07,35832957.08,1455400000.0,671000000.0,0.6663548574400666,0.5897041970287225,0.32965513297588905,0.13892466953128674,0.13744085610252357,0.010680705117164386,0.1722949143873624,0.8509250093858638,0.024688749506659075,118203661.85,0.01618966851823291
2019,3,2431204289.04,1645892606.89,1975381296.24,321179369.68,317574429.34,325470074.0,391142586.35,65672512.35,386383601.77,56869361.12,123963006.04,112133.31,128930332.87,-105117280.39,-444120.36,32943121.32,3124040.92,54847.48,4290704.32,41074534.8,-87685479.17,147124000.76,1787920217.16,1932077048.61,1891002513.81,49797780.94,31373951.95,112782879.5,,,,,,,,,,,,,5454677742.78,3706656714.99,1748021027.79,1728727763.05,19293264.74,479152695.02,177592261.12,826411533.35,25607177.33,35832957.08,1882400000.0,670000000.0,0.12620064971011744,,0.3230134488040463,0.13210710886283555,0.13062432917367028,0.011224071905962503,0.16789916169147404,0.7354051756242949,,-8723246.14,0.013183099346946411
2019,4,3271586150.37,2252624499.11,2702291988.02,401843162.27,393395121.45,406003720.58,500184544.38,94180823.8,492900940.03,82427011.31,191311978.56,162659.98,149464791.15,-132257042.84,313322.66,48354164.04,7124554.32,71779.5,4160558.31,-171762668.45,-135234980.35,356664867.86,2555151692.44,2686646091.84,2858408760.29,87087628.18,44694253.63,86800145.77,58789768.29,58789768.29,3774079.67,1960473.55,,-37458656.52,25750892.21,-965575542.18,197179347.37,-71779.5,1185461.27,13101557.7,5726934341.82,3901992335.04,1824942006.78,1805952632.6,18989374.18,520908794.53,151126710.39,818698213.03,12985513.27,35832957.08,1984400000.0,317000000.0,-0.42305688283995774,-0.3966169721831718,0.3114579914530939,0.12282823798619931,0.12024599181210893,0.02102322899381257,0.18829215108343889,0.7810131156567665,0.019722641723098937,-258850296.63,0.010247586657719293
2020,1,389373748.87,203492745.33,282304553.01,37994221.87,38508530.54,38283538.35,47425823.95,9142285.6,48259443.8,15111170.57,23873172.45,56683.73,35852366.07,-67103919.38,-358975.93,7680215.97,952632.6,20294.68,289316.48,71416733.26,-35203148.99,68152166.18,460232461.89,477936407.72,406519674.46,7729569.46,7419106.46,10284839.37,,,,,,,,,,,,,5813473249.68,3953785137.19,1859688112.49,1840409421.83,19278690.66,507133898.36,210225932.17,875616170.99,15627878.09,35832957.08,2054900000.0,317000000.0,1.8654684581943821,,0.47738452856527824,0.0975777693803521,0.09889863056190987,-0.013536496990509411,0.19277020067460524,1.1819812281275734,,63687163.800000004,0.007557203238503684
2020,2,1388236842.56,882255542.52,1074795996.67,172370421.87,162702188.53,173027780.49,202224054.48,29196273.99,201081698.11,40939361.81,64553423.12,104967.46,77818648.21,-133786165.06,-1295524.0,17069786.08,5582381.81,70373.39,657358.62,-26854110.84,-51704628.22,247491988.89,1215913747.39,1441938937.59,1468793048.43,24342248.69,18307057.54,207718132.66,33362822.73,33362822.73,2232645.42,770903.35,,8825632.64,-22906640.67,-311937855.45,15949695.34,-70373.39,203605.41,-1836528.75,6119080578.62,4138583487.72,1980497090.9,1963141065.3,17356025.6,501166392.98,163016898.6,867969029.49,17000268.73,35832957.08,1817000000.0,492000000.0,-0.15520115188411615,-0.1230599273367086,0.3644776485739546,0.12416499590382403,0.11720059829990283,0.056089862953933506,0.1443758709371912,0.8758690953250997,0.02619608584435637,-51196359.53,0.0037991507383289326
2020,3,2412682950.09,1564169961.21,1872614629.87,343542783.35,319891065.78,343915694.67,406733111.06,62817416.39,403862302.6,67608654.6,103586202.45,152463.84,121639099.26,-174532905.48,-901319.81,29571145.49,9601936.93,55125.25,372911.32,-119891002.84,-76955208.15,415977138.43,1985137223.74,2256108084.24,2375999087.08,40139537.38,24808099.34,246162761.16,,,,,,,,,,,,,6498677122.43,4361100722.3,2137576400.13,2120504821.83,17071578.3,496241669.89,144879771.75,921355770.79,16377133.89,35832957.08,2139683431.9,517000000.0,-0.34860579118100415,,0.3516885585187843,0.14239035565662903,0.13258727831108813,0.06884649806747294,0.15444382245224528,0.8227924119354134,,-160030540.22,0.0010843102707418526
2020,4,3513191272.62,2370226088.02,2836557097.39,437717323.2,428989278.04,437974194.44,515831971.37,77857776.93,505886180.42,92228719.47,193984886.66,978598.66,158545461.49,-214872824.05,-1495606.02,33007220.07,12594705.38,18509.81,256871.24,211907868.58,-124117841.75,6292495.96,3190112167.37,3633559273.52,3421651404.94,87529216.74,28902386.89,414544719.26,66422902.88,66422902.88,4445795.0,1354955.89,,18265432.01,44608444.75,-592670993.49,76926322.2,-26115.96,640972.46,2453384.54,6458969655.88,4157626847.1,2301342808.78,2284893734.56,16449074.22,562940551.5,123338294.31,746744182.59,12748867.56,35832957.08,2198883431.9,551000000.0,0.48383642522808545,0.40098882270832986,0.32533531365276946,0.12459251126215158,0.12210814747927934,0.019939912581462955,0.1509363150237029,0.9080382819552377,0.020557848453306226,124378651.84000002,0.0005864985728861016
2021,1,778119370.32,500626795.58,596202120.51,112456370.96,105126967.83,111582298.7,134366950.66,22784651.96,132516022.33,20035719.21,31793675.67,849120.02,39035416.16,-53020315.29,-81543.35,2612546.28,1088084.88,,-874072.26,133310667.8,-156585616.56,288113982.66,854020686.21,933189398.15,799878730.35,14371507.36,904799.86,78263912.08,,,,,,,,,,,,,6399677949.81,4079928012.18,2319749937.63,2304174935.67,15575001.96,477026475.01,112972908.88,998404229.4,15360590.92,35832957.08,2591183431.9,381000000.0,1.1947295346407842,,0.356619543638763,0.14452328941991577,0.13510390801191177,0.06517552600560991,0.16957035824719965,1.0975445655064282,,118939160.44,-0.007833431199961468
2021,2,1640041780.8,1173709829.35,1362776827.12,175478479.16,159404085.79,173289890.67,194794585.48,21504694.81,191331298.76,35722017.24,67325546.15,271137.64,76079921.92,-94882084.63,-1266881.31,10232964.67,-102486.05,84832.4,-2188588.49,-22795.22,-33163774.96,-123453166.88,1584875119.35,1801913194.67,1801935989.89,33432651.38,3255099.17,213782976.15,34615538.28,34615538.28,2362335.32,536173.53,,12804006.09,-64848198.94,-199253989.92,-36454834.49,-84832.4,632142.68,-5084327.15,6564022505.48,4268520315.63,2295502189.85,2281241704.12,14260485.73,590563729.88,177410558.47,584934273.25,23880040.14,35832957.08,2460683431.9,310500000.0,-0.00013154385355005778,-0.00010194280043652524,0.28434150697217414,0.10699634680916661,0.09719513713378929,0.09160321793844298,0.11039677903268998,0.9663626487472227,0.022873836245623533,-33455446.599999998,-0.012629637433194419
2021,3,2661911545.24,2002341053.84,2298724702.88,259803604.19,241217769.08,257379728.37,275567996.3,18188267.93,269199524.8,57372981.16,99721803.19,316140.44,121057344.88,-122083593.64,832635.09,26364166.47,765815.03,133659.49,-2423875.82,-93783560.93,-60762933.16,523869616.68,2458694165.9,2729503526.66,2823287087.59,56851235.24,12764292.53,258045068.23,,,,,,,,,,,,,7366739139.45,4987147111.9,2379592027.55,2365566829.15,14025198.4,581904579.87,144832444.4,1110897132.9,30776306.97,35832957.08,2505000000.0,271200000.0,-0.36437819529897114,,0.2477807696425662,0.09760038971038608,0.09061825120047393,0.07153801875823002,0.06600283114951835,0.9236573507848558,,-150634796.17000002,-0.009417508656763836
2021,4,3469154073.87,2617423644.89,3028589743.94,301816087.81,278313462.35,298525135.0,301825276.37,3300141.37,294703301.41,77034459.49,144350105.13,633005.55,160474344.34,-206189938.46,654607.27,56817694.69,2760589.18,96018.8,-3290952.81,379434214.08,-83967479.3,151494135.27,3730611913.6,4049201379.8,3669767165.72,80644230.33,25520678.24,293068787.96,68361263.18,68361263.18,4730194.98,853792.79,11971788.83,59331721.51,-147044613.35,7286186.56,-73070843.32,-96018.8,1744976.61,-21831012.2,7190292103.19,4689419979.58,2500872123.61,2487714002.2,13158121.41,579194305.33,223707613.07,1188534880.36,37971334.79,35832957.08,2441935000.0,546380000.0,1.2710293693695172,0.8550169743018077,0.24551530743339278,0.08699990873374798,0.08022516625775823,0.07787068486155518,0.010933946320501136,1.075366453654891,0.024765991348477533,298789983.75,-0.01102403926557139
2022,1,710980894.01,558983888.19,655044364.29,16376988.54,14889941.21,16273428.7,8601290.92,-7672137.78,7361453.37,16354445.26,31264323.54,,42609703.38,-55583867.02,-109325.42,6588159.73,526166.41,3789.95,-103559.84,-47852938.68,-24106471.03,-138625756.0,613750734.92,668347825.44,716200764.12,24077222.04,32534294.39,22062796.13,,,,,,,,,,,,,7050072213.3,4605723869.68,2444348343.62,2431293782.05,13054561.57,569456474.47,172584701.93,973949714.65,41104726.48,35832957.08,2217285000.0,669300000.0,-2.940556631436865,,0.21378493726142533,0.023034358135325162,0.02094281482870702,0.09080102403246833,-0.891975152492575,0.8632450465136796,,-71930160.72,-0.00636373820840841
2022,2,1674842513.73,1365388347.55,1551822941.0,63037053.5,57056154.71,63066104.15,42746140.56,-20319963.59,37095956.17,33563155.08,50644352.71,,86104637.51,-116267044.81,-133033.65,29087082.51,1381700.0,7679.39,29050.65,-182975654.02,-132280114.24,651179592.56,1451999969.21,1525514641.59,1708490295.61,132320066.45,33839437.4,39675234.98,32912734.44,32912734.44,2529319.14,269608.11,7151297.86,-28813430.7,-11939714.05,-392663097.6,82281431.41,-7679.39,-83637.28,-22885726.26,7989573831.14,5512319409.89,2477254421.25,2464067249.19,13187172.06,566377136.77,264460757.82,1520458704.66,41888888.65,35832957.08,1692935000.0,2354750000.0,-2.901331174426128,-2.372743980717892,0.1847661279452612,0.03763760054049007,0.03406657894235779,0.09487909821165735,-0.47536370123235283,0.8669471650658587,0.02559223282106744,-315295720.47,0.00046063809381509103
2022,3,2542169729.84,2153645488.05,2428784010.53,64166214.36,55991007.47,63617726.8,26627081.33,-36990645.47,19966217.26,51482394.09,74679887.65,,123763285.23,-149544948.45,-232417.65,54390076.21,1886337.33,81450.51,-548487.56,-85270605.15,-188835501.49,-231513507.73,2426061033.38,2555710207.68,2640980812.83,189018312.82,58483364.08,71165810.22,,,,,,,,,,,,,7060089521.4,4582283477.5,2477806043.9,2465196410.05,12609633.85,570779553.01,134401320.62,678915265.99,54434591.11,35832957.08,929000000.0,2399840000.0,-1.340359196078663,,0.15283174731785237,0.025240727873838114,0.022024889531480647,0.12740671974403198,-1.3892114201913546,0.9543269298280459,,-274288917.97,-0.008621615194210305
2022,4,3123212904.73,2570235466.82,2958429262.92,63754752.94,54966891.15,63609414.59,32707550.58,-30901864.01,32092311.4,64697711.66,131090238.57,320461.94,157530223.37,-222589734.02,37164.53,87932267.97,1732715.51,196255.6,-145338.35,-48753224.86,-209272103.7,-28038982.0,3251270626.71,3428821417.07,3477574641.93,209694551.83,92639462.28,84911328.08,65516406.48,65516406.48,5716074.49,416901.5,13968550.0,222589734.02,-346260141.15,-176587758.35,-22539180.58,-196255.6,126963.47,-33988340.7,7331076081.83,4780399517.92,2550676563.91,2537663780.85,13012783.06,570554110.16,373334219.22,898470569.8,103262238.2,35832957.08,973909563.93,2292312379.52,-0.7664466836276224,-0.13112153083012953,0.17705403210665988,0.020413194644350242,0.017599469785346527,0.1378385357130991,-0.9447929747724938,1.0410019188208595,0.027413415313549246,-258447776.69,-0.002284855959401465
2023,1,736625342.99,616258607.98,695813594.31,-7551735.97,-8827003.6,-8259015.81,-21735550.43,-13476534.62,-21601339.08,10298015.46,22840202.21,80370.99,36850414.33,-92915708.96,-45095.91,31487036.45,-956141.22,16821.88,-707279.84,-80221709.34,-33305322.63,-180492051.75,596642197.01,640597084.61,720818793.95,33312872.58,21555282.05,22399605.55,,,,,,,,,,,,,7231106154.63,4688805781.53,2542300373.1,2529994869.88,12305503.22,556488223.03,306948252.15,604451486.08,172754895.58,35832957.08,846913119.57,2237433769.69,,,0.16340292409900703,-0.010251800378394689,-0.01198303002197934,,,0.8099669698957122,,-113534581.92,
2023,2,1750071740.08,1496085942.13,1665041811.31,12058190.12,8786421.7,11460114.23,-13434735.3,-24894849.53,-13622343.59,20313250.61,54071475.66,191164.96,74005946.96,-166845029.27,-176282.74,68614632.92,-247086.35,1493.08,-598075.89,-151307917.88,-66367020.7,-266860279.16,1433294278.35,1527457418.34,1678765336.22,66541455.06,49694549.31,44468590.68,32325893.69,32325893.69,3185318.57,80262.83,6670059.22,166845029.27,55028501.05,-470784403.46,-7822310.62,-1493.08,-21919.88,-24545757.46,7167838712.39,4605819209.25,2562019503.14,2549604795.97,12414707.17,546228747.44,151460688.9,413935352.06,186985270.05,35832957.08,793560789.02,2264469549.47,-13.203002591711513,-0.6859962682592485,0.14512879222790576,0.006890111898754957,0.005020606583589739,0.27133163330816684,,0.8189917278959551,0.024148458227242802,-217849372.94,-0.052187602845560815
2023,3,2734708669.99,2312064629.91,2564583795.21,53918718.28,49300341.39,53826361.76,33669522.79,-20156838.97,34593472.13,30727008.07,83009449.74,308677.09,111070507.65,-221113998.05,-119519.98,85671727.55,-51503.83,81891.66,-92356.52,-314029465.09,-90473766.7,-188094929.57,2232826390.17,2390829234.63,2704858699.72,91609642.16,87651412.52,70351431.94,,,,,,,,,,,,,7361355754.94,4756970004.27,2604385750.67,2591465324.13,12920426.54,533788149.62,173035737.42,305872408.44,252448568.22,35832957.08,1008695375.02,2451725347.22,-5.834120212140453,,0.15454810405144379,0.01971643958703549,0.018027639262276622,0.08565442646497569,-0.5986672010684592,0.8164768754611675,,-405639107.25,-0.0017158231948092195
2023,4,3700545800.21,3136198538.86,3491554496.77,66183546.5,56418614.98,66265828.75,52323341.74,-13942487.01,51743153.41,42322275.52,128591449.18,450525.49,147530015.63,-269368010.09,-251960.28,111359237.0,964640.36,47942.98,82282.25,63565358.5,-117826698.14,-22087113.62,3535880720.45,3786799400.6,3723234042.1,119379108.64,113837634.05,137081046.1,68068396.11,68068396.11,6382091.52,177171.68,13339035.34,269368010.09,-5364680.83,-809764293.73,321499287.21,-47942.98,884968.45,-14342666.48,7556702411.17,4939760018.51,2616942392.66,2603847327.35,13095065.31,773769090.31,113915236.45,822122116.54,24795539.37,35832957.08,1198987918.61,2282981131.93,0.959247921576775,0.15005967527068895,0.15250379047273893,0.017884806748302964,0.015246025323291048,0.14754318915200476,-0.2664678238496622,0.9555024883759969,0.02377127575208177,-55813750.14,0.0012416995539348778
2024,1,516002998.07,407369561.97,485143435.64,3593071.68,524670.77,3627860.42,3379228.29,-248632.13,3586824.98,3862252.53,28179645.57,120713.8,39210878.35,-41802580.61,-614744.9,15713845.16,-574617.14,5360.04,34788.74,-109572263.47,-38265549.49,-179410189.97,404932305.96,438167520.42,547739783.89,38294996.37,20112180.28,13123034.18,,,,,,,,,,,,,7424392086.41,4803821833.33,2620570253.08,2607440399.03,13129854.05,757385616.43,154144358.14,494874113.61,25945255.05,35832957.08,1326021666.69,2597747736.18,-30.202998678212655,,0.2105286917059016,0.006963276751179982,0.001016797910016841,0.8539770934934423,-0.07357660053207,0.7847479713772276,,-147867259.84,0.009589327033701037
2024,2,1823973254.06,1435890802.04,1595167610.46,162208707.12,156087045.24,164515688.72,201577852.27,37062163.55,201782406.8,8091702.93,59865986.15,229148.66,72322148.62,-80061497.06,-1018598.95,54959509.36,-911571.55,8921.4,2306981.6,-249067858.84,-55995364.26,-205164681.5,1460932567.5,1526296025.27,1775363884.11,56074158.34,35456810.76,29906647.01,40287404.87,40287404.87,3285711.39,100465.22,4619816.66,80061497.06,-176787620.53,-546583683.29,91346714.88,-8921.4,-15317.6,14548148.7,7670622930.58,4889164849.2,2781458081.38,2766056034.47,15402046.91,740765894.42,213181359.92,311894211.94,26951633.55,35832957.08,1361861863.88,536284430.66,-1.513945939003452,-0.8504365836482742,0.21276762208884556,0.08893151627028414,0.08557529278050778,0.037739416019580654,0.18386029582435334,0.8009616173088591,0.026477031958940873,-305142017.18,0.014022866864244192
2024,3,2899868085.76,2524733049.12,2761889201.82,63315032.23,54540156.59,68029048.29,92430188.35,24401140.06,92792901.55,11856837.2,91435721.5,595109.41,104714670.41,-127442762.95,-925646.36,84002053.64,-829036.4,9409.68,4714016.06,-410341508.26,-123518403.15,612968632.78,2512013343.36,2634996879.14,3045338387.4,124093706.9,73084076.2,49899459.58,,,,,,,,,,,,,8339003480.76,4833561882.23,3505441598.53,3487632517.16,17809081.37,728128920.32,149498393.89,901230837.91,31203823.45,35832957.08,1366817666.64,649233820.55,-6.031857251783993,,0.12936279359813865,0.021833762901461887,0.018807806071532412,0.13859071583702476,0.26399535147111924,0.8662509014445908,,-534435215.15999997,0.06929416445611133
2024,4,4024305311.0,3705365208.09,4045322947.36,22472408.46,11166958.23,16154918.94,41750460.9,25595541.96,44719517.59,17209171.55,148852519.05,2012083.76,131338255.66,-58086669.51,117743.59,122758044.62,1124499.33,-176464.08,-6317489.52,348848599.54,-357550216.4,69717446.21,4549387020.71,4716707111.16,4367858511.62,159107661.69,6315583.36,161004507.09,78216788.57,78216788.57,6589176.63,461877.85,9242334.31,58086669.51,-103142518.13,49342993.58,76842293.2,176464.08,-29258.95,24836409.29,7804512582.61,4350945113.43,3453567469.18,3446789893.39,6777575.79,724011988.14,172033755.26,884917549.83,31061290.97,35832957.08,1012739058.34,662613731.66,21.59395542841393,2.0672293286268397,0.07925345575501239,0.0055841708626266804,0.0027748784863505104,0.5030813786658984,0.6130601054035311,1.1304776027491619,0.02348484273836449,189740937.85000002,-0.3910567142715728
2025,1,754591380.08,708219152.14,772963485.1,-2046233.2,-7442372.57,-2488899.03,-2826095.56,-337196.53,-2966950.67,3296053.62,28379868.97,493188.24,26338484.17,-8098854.19,-718044.02,22728082.95,1105510.5,388459.11,-442665.83,333201603.88,-98273093.52,-44658056.86,1161862011.43,1204976477.54,871774873.66,99350144.69,616292.69,42498173.42,,,,,,,,,,,,,7766860207.04,4315781636.89,3451078570.15,3444743660.19,6334909.96,716510885.99,162617379.98,1077402431.1,85809691.01,35832957.08,2010168884.74,1520258377.46,,,0.06145342918585126,-0.0027117102766043566,-0.009862785033684028,,,1.5397234080606939,,233851459.19,
2025,2,1380518540.47,1678856926.21,1798426286.43,-365056868.8,-374295488.72,-369294692.44,-369480631.53,-185939.09,-369836459.9,6060242.52,57832819.8,955658.15,40722899.11,-12874651.77,-140667.52,58972816.39,1707735.5,406053.46,-4237823.64,281218004.25,-173717547.84,-432780949.68,2233931886.74,2320635414.88,2039417410.63,176057229.29,882431.84,85821096.3,39950833.12,39950833.12,4354253.02,338627.76,5025479.12,12874651.77,-27424912.69,651090364.62,-77562893.59,-406053.46,-8874.77,-343074.03,6946680858.67,3862408081.93,3084272776.74,3081733024.59,2539752.15,749090419.78,186584016.18,559038502.45,58881312.19,35832957.08,1539780277.77,1556934576.38,,,-0.21610603334485473,-0.2644346005492369,-0.2711267380679802,,,1.6181831835300478,0.03597864973482358,105160774.96000001,
2025,3,2448695793.9,2718100300.5,2898887642.16,-372972270.68,-384117180.65,-377644335.26,-378026376.62,-382041.36,-378066278.4,8984598.09,89404946.63,1285670.69,58212170.9,-21167740.81,-107305.06,91288313.67,1720485.07,391816.99,-4672064.58,881826891.1,-146753977.95,-692645281.13,3973768259.88,4112632333.81,3230805442.71,199897993.85,1384778.33,137479295.6,,,,,,,,,,,,,6639140565.87,3563217431.95,3075923133.92,3073817622.71,2105511.21,737994529.18,139777526.69,927827262.22,61930082.33,35832957.08,961562763.91,1972208094.22,,,-0.11001958972246344,-0.15231466138387603,-0.15686602705280203,,,1.6228100974319233,,681928897.25,
2025,4,3136136181.64,3494128789.91,3730888167.78,-584583338.38,-589804694.86,-589378825.94,-561174706.71,28204119.23,-561428545.03,8828075.36,123943374.91,1834227.69,73700611.13,-66495293.1,-148369.13,96453919.02,2654523.69,858660.63,-4795487.56,1227202506.37,-197392833.25,-1211674813.62,5172941237.77,5345637507.17,4118435000.8,251279193.87,7656319.71,165039949.69,81782549.02,81782549.02,9929896.87,672886.56,8693146.17,66495293.1,52187910.46,1701529724.26,-240860079.22,-858660.63,-116932.09,58913190.58,5822732179.71,2958543536.47,2864188643.24,2862206555.01,1982088.23,783656624.31,87782087.27,701294448.15,64326352.24,10479157.08,400239280.55,2024668228.45,,,-0.11415084917734428,-0.18640240873542044,-0.18806730980399253,,,1.6494632050910751,0.03223025811562251,975923312.4999999,
2026,1,482605950.03,465076456.46,513871248.83,-25906788.86,-27070639.9,-26132113.26,-26635106.96,-502993.7,-26958832.58,1792830.35,27959501.73,,13598987.67,-1819196.08,-541658.9,7084013.86,-483733.72,67041.06,-225324.4,500813382.6,163112617.95,-464368391.26,1016625050.61,1028013665.23,527200282.63,11714919.62,908819.45,10479795.17,,,,,,,,,,,,,5435559021.14,2585339585.95,2850219435.19,2848462671.36,1756763.83,757880377.37,150890262.75,900830414.68,69687755.78,10479157.08,30020513.89,1799996209.74,,,0.03632258070773955,-0.0536810390721241,-0.056092636028041556,,,2.1065323594680176,,489098462.98,
2026,2,1257557224.81,1202794856.71,1304217171.69,-30694199.99,-33975313.35,-31271586.65,-34257892.79,-2986306.14,-34535650.06,3666885.02,57424527.31,,25049325.47,-5725623.49,-494584.18,19668130.72,-1414451.42,90825.19,-577386.66,592816105.73,135561612.38,-811857529.36,1998358121.1,2033739142.25,1440923036.52,39292157.99,2404506.44,32976514.71,44486070.63,44486070.63,5305501.77,361725.01,3667667.04,494584.18,-103829476.22,578569166.54,62506669.86,-90825.19,-349948.1,-1007427.33,5086332585.57,2241252623.77,2845079961.8,2843675260.23,1404701.57,758355739.08,185885940.0,617803744.53,77384595.21,10479157.08,,1513625481.92,,25.725441928975094,0.04354662119512992,-0.024407795831825847,-0.027016912375604392,,,1.5890792734318115,0.042798024128191565,553523947.74,
