,,revenue,operating_cost,total_operate_cost,parent_net_profit,deduct_parent_net_profit,net_profit,total_profit,income_tax,operating_profit,sale_expense,manage_expense,research_expense,finance_expense,asset_impairment,credit_impairment,other_income,invest_income,fairvalue_change,asset_disposal,minority_interest,netcash_operate,netcash_invest,netcash_finance,sales_services,total_operate_inflow,total_operate_outflow,construct_long_asset,receive_tax_refund,receive_other_operate,depr_fa,depr_biology,amort_ia,amort_lpe,amort_rou,impairment_provision,inventory_reduce,operate_rece_reduce,operate_payable_add,disposal_longasset_loss,fa_scrap_loss,defer_tax,total_assets,total_liabilities,total_equity,total_parent_equity,minority_equity,fixed_asset,inventory_bs,monetaryfunds,cip,short_loan,cash_conversion_naive,cash_conversion_adjusted,gross_margin,net_margin,deduct_net_margin,nonrecurring_ratio,effective_tax_rate,collect_ratio,dep_to_revenue,free_cash_flow,minority_ratio
2011,3,13642075480.07,1155847115.68,4362971847.48,6569084644.22,6571525886.8,6930714312.61,9279554251.71,2348839939.1,9282393382.59,493777287.82,1001317983.56,,-217813505.32,-1597611.27,,,3289750.0,,,361629668.39,9026937978.3,-1197571114.86,-2429434494.66,18023629691.34,18121542030.67,9094604052.37,1234305197.84,,97912339.33,,,,,,,,,,,,0.0,32894258255.33,9810488139.05,23083770116.28,22797118705.02,286651411.26,4703882763.38,6232185752.04,18288326258.07,293041026.48,,1.302454201852766,,0.9152733675041894,0.48153117564969616,0.4817101251492475,-0.0003716259893450942,0.2531199102227529,1.321179443529037,,7792632780.459999,0.05217783508000575
2011,4,18402355207.3,1551233976.06,6069573782.22,8763145910.23,8764693473.02,9250323807.62,12334660473.8,3084336666.18,12336164425.08,720327727.89,1673872427.75,,-350751496.92,-2500650.57,,,3383000.0,,,487177897.39,10148564689.53,-2120418049.91,-2661850366.87,23659131281.08,23840805494.12,13692240804.59,2184528163.11,,181674213.04,331356736.88,331356736.88,11855582.22,4896216.72,,-2500650.57,-1612991469.44,-148673263.2,2542863248.17,,-888534.94,-224191011.56,34900868975.41,9497489364.12,25403379611.29,24991179971.03,412199640.26,5426012349.61,7187117552.86,18254690162.04,251446326.43,,1.0971037231334615,1.0575903429023592,0.9157045954941331,0.47619697650188614,0.476281072410946,-0.00017659899833395539,0.25005444395745036,1.285657787525735,0.018916520841957742,7964036526.42,0.05266603715955162
2012,1,6015967741.62,482055429.18,1843049067.42,2969215795.73,2967835798.91,3129490790.74,4174928960.95,1045438170.21,4173011924.2,190131949.47,459827167.05,,-97318786.08,,,,93250.0,,,160274995.01,1339500999.6,-689821241.5,-52942881.48,5766087219.6,5934586610.75,4595085611.15,678815042.41,,168499391.15,,,,,,,,,,,,0.0,36407584735.6,7876964333.57,28530620402.03,27960395766.76,570224635.27,5489821741.05,7578019306.96,18851427038.66,316656062.34,,0.42802522492269784,,0.9198706758606736,0.49355580402936794,0.4933264150300798,0.00046476811216777556,0.2504086129341257,0.9584637862515016,,660685957.1899999,0.05121440059329951
2012,2,13264437836.41,1059645343.97,3467852031.95,6995721596.41,6995444556.93,7348939538.55,9800176180.67,2451236642.12,9799689054.46,406579445.96,831662727.75,,-187200820.61,955859.42,,,3103250.0,,,353217942.14,4459709495.33,-1677369424.27,-55171122.34,12535721525.74,12727254998.81,8267545503.48,1701317277.73,,191533473.07,200507000.4,200507000.4,6655978.87,1919834.64,,955859.42,-586716939.81,-195513684.45,-2434973254.93,,84152.4,120997885.9,39711451965.36,11306676731.73,28404775233.63,27837296107.21,567479126.42,5698697789.66,7773834492.67,20981859110.76,331098306.48,,0.6068507533550798,0.5899884045598832,0.9201138143177585,0.5274043033476481,0.527383417465908,3.960127288966313e-05,0.2501216913788603,0.9450624052329061,0.015762659261448802,2758392217.6,0.0480637975434606
2012,3,19931438600.48,1628876041.88,5247248428.45,10420059216.87,10493128641.3,10937979773.7,14585256656.0,3647276882.3,14687293422.03,842051124.48,1288134049.01,,-297465187.52,955859.42,,,3103250.0,,,517920556.83,7561565324.9,-3015363879.24,-4110858633.64,19826920342.04,20094110682.21,12532545357.31,3041808991.95,,267190340.17,,,,,,,,,,,,0.0,38834876462.71,6843310993.93,31991565468.78,31259383727.67,732181741.11,5838430602.05,7887354887.06,18690032974.06,357930180.56,,0.6913127909672612,,0.91827604246084,0.5227951391636657,0.5264611778222219,-0.007012380919265749,0.2500660062639079,0.9947561106583906,,4519756332.95,0.04735065958663796
2012,4,26455335152.99,2044306468.76,7627698585.34,13308079612.88,13401371441.07,14008450702.17,18700490469.16,4692039766.99,18830739817.65,1224553444.02,2204190581.13,,-420975922.49,2979258.5,,,3103250.0,,,700371089.29,11921310609.25,-4199476298.27,-3914524622.85,28912367684.82,29300038873.33,17378728264.08,4211900807.91,,387671188.51,414952194.94,414952194.94,15994854.35,3854764.8,,2979258.5,-2478610040.56,-64889789.58,162643655.75,,155718.82,-141027962.79,44998208953.46,9544172556.21,35454036397.25,34149654123.68,1304382273.57,6807333231.09,9665727593.42,22061999850.17,392672323.95,,0.8510084992770336,0.825219392511654,0.9227261171730441,0.5030395395076259,0.5065659294645287,-0.00701016456947775,0.25090463668468477,1.092874745967915,0.01643531679245645,7709409801.34,0.049996327515469494
2013,1,7165785851.61,481121235.64,1795606131.46,3593098133.67,3772853922.13,3773363242.99,5117888228.22,1344524985.23,5370179720.15,284030284.33,558440922.02,,-114519214.53,,,,,,,180265109.32,790228914.27,-1018613207.52,-98380859.95,6160758035.21,6376833875.65,5586604961.38,1124939088.24,,216075840.44,,,,,,,,,,,,,45902219986.09,7306586930.67,38595633055.42,37742752257.35,852880798.07,6984113447.43,10085273971.49,21735234696.97,477739596.65,,0.20942296391370616,,0.9328585523481835,0.501424157528055,0.5265094436616914,-0.050028076543625316,0.2627108927108448,0.8597463227045515,,-334710173.97,0.047773060188384765
2013,2,14137431736.59,932566677.02,3742695315.77,7247944730.16,7442733784.56,7620914791.31,10125406166.1,2504491374.79,10397746420.82,799796571.35,1151877819.89,,-238790533.41,-2068342.1,,,3010000.0,,,372970061.15,5215024506.91,-2381583472.52,-6790393654.46,11959656578.26,15472570987.19,10257546480.28,2527195939.43,,282354566.61,254184419.62,254184419.62,11204325.32,1942477.92,,-2068342.1,-673293858.3,82035839.96,-2417882200.7,,175182.81,340839344.96,43620710381.69,7841603198.17,35779107183.52,34733521433.62,1045585749.9,7047000358.42,10339021451.72,18274962102.51,500633130.52,,0.68430426657658,0.6612867124944113,0.9340356371372345,0.5126776111251612,0.5264558601048436,-0.026875074473105227,0.2473472504416733,0.8459568046794836,0.01890946162223389,2687828567.48,0.04894032689819487
2013,3,22002381371.16,1440864963.81,5992181828.32,11070194524.15,11316351629.2,11662175309.98,15667387159.65,4005211849.67,16013209542.84,1165549963.08,1743433452.38,,-343826830.68,-1818342.1,,,3010000.0,,,591980785.83,9245117959.31,-3837520141.08,-7344303718.9,22279996954.57,25940485318.23,16695367358.92,3944662952.02,,392051047.05,,,,,,,,,,,,,49274437880.71,9454070178.52,39820367702.19,38550771227.61,1269596474.58,7165765337.16,10686189842.1,22011372945.09,508298207.0,,0.7927438675526011,,0.9345132265683459,0.5031361986416819,0.5143239469539013,-0.022236023451349583,0.2556400635828466,1.0126175243818785,,5300455007.289999,0.050760751754726906
2013,4,31070596222.23,2193920307.99,9282061270.23,15136639784.35,15451527453.0,15964899881.05,21432360425.97,5467460544.92,21791544952.0,1858132722.71,2834740716.0,,-429074364.68,-2004032.3,,,3010000.0,,,828260096.7,12655024861.92,-5339311399.95,-7385971074.47,33233870603.65,36713125003.02,24058100141.1,5405740026.23,,585366816.43,520481867.72,520481867.72,31617810.78,4197830.59,,-2004032.3,-2171082645.61,-63379598.19,-1453960453.18,,8997287.17,-181715611.33,55454150677.05,11325058403.79,44129092273.26,42622216487.81,1506875785.45,8523256960.11,11836810239.03,25185009331.68,456328292.13,,0.7926779971192459,0.7660800735112124,0.9293891790071179,0.48716927335691834,0.4973038606174199,-0.02080300999007499,0.25510305147234147,1.0696244888880584,0.017904307503825347,7249284835.690001,0.05188006832934339
2014,1,7581739634.14,506935182.4,2261820069.27,3699386271.72,3705104468.53,3952933461.0,5312350104.96,1359416643.96,5319919564.87,329145907.6,730947216.88,,-24123220.32,-760608.59,,,,,,253547189.28,173915705.72,-2084818709.48,0.0,7238091747.44,7224057720.61,7050142014.89,2024967912.28,,195234095.18,,,,,,,,,,,,,56029625704.11,8576054059.48,47453571644.63,46287606411.42,1165965233.21,8768403594.12,12697658854.74,23364071644.09,2241975574.71,,0.043996618570959545,,0.9331373527894167,0.4879336999469018,0.48868790638050863,-0.0015457149889194432,0.2558974120871192,0.9546742695894515,,-1851052206.56,0.06414152724338003
2014,2,14615639258.11,987543281.35,4367672274.01,7229853849.52,7249964632.09,7664538017.59,10223178946.36,2558640928.77,10250976984.1,646806094.27,1492808431.34,,-53889235.74,243295.23,,,3010000.0,,,434684168.07,4288743348.5,-2998755133.48,-5105391867.62,14058517766.44,15959643875.05,11670900526.55,2846115154.85,,242413972.09,321291816.05,321291816.05,38383088.6,1851383.57,,243295.23,-1403844283.62,11051404.51,-2212381044.97,,5620616.8,-135000945.26,55218131505.51,8593954624.29,46624176881.22,45277074669.22,1347102212.0,8917854215.12,13240654522.65,21095077301.21,2921492322.62,,0.5595566671673359,0.5343357819907488,0.932432426395443,0.4946655922359511,0.4960415691750946,-0.002781630581831869,0.25027840578698013,0.9618818252262992,0.024735578227917363,1442628193.65,0.05671368151249381
2014,3,22173257722.32,1593307325.68,6859822984.02,10693329220.86,10791417351.21,11375689707.88,15179196563.9,3803506856.02,15316444738.3,976711335.94,2336957697.64,,-95772137.58,393295.23,,,3010000.0,,,682360487.02,7679397243.87,-3874919848.33,-5099391867.62,22043789017.42,24118205746.12,16438808502.25,3698405813.68,,322155092.52,,,,,,,,,,,,,58651555116.65,8310226545.14,50341328571.51,48740550040.56,1600778530.95,9003408249.86,13454959038.03,22795906975.31,3051662444.08,,0.6750709135948426,,0.9281428400989473,0.48226243318751955,0.4866861462737234,-0.009172833672665118,0.2505736611294506,0.9941610427064276,,3980991430.19,0.05998409806724293
2014,4,32217213741.08,2338550532.33,10117335755.93,15349804322.27,15520833325.69,16269371509.83,21882342437.33,5612970927.5,22102973250.9,1674733451.06,3378499544.59,,-123168793.84,432745.88,,,3095265.75,,,919567187.56,12632522436.6,-4580159580.19,-5041426729.33,33384835714.04,35487849677.46,22855327240.86,4431065066.05,,299729378.9,675349786.98,675349786.98,77607523.2,3842650.48,,432745.88,-3145554128.82,-1517982420.56,183659033.1,,85119583.32,3771418.94,65873165224.63,10561614383.51,55311550841.12,53430402446.09,1881148395.03,10375757771.59,14982364367.85,27710717680.21,3421774448.02,62552484.0,0.7764603831787475,0.7419284712364802,0.9274130112205163,0.4764472944690914,0.4817559162758841,-0.011142096656689335,0.25650685906114873,1.0362421773137747,0.02349054659854115,8201457370.55,0.056521371277581
2015,1,8760367928.22,579796944.52,2556368078.35,4364901720.89,4366636015.79,4628320416.91,6202016223.22,1573695806.31,6204332019.73,242599825.82,919920409.0,,-6472977.66,-200793.38,,,332169.86,,,263418696.02,2111633649.4,-854045288.53,-34641852.91,10255492585.92,9358829309.79,7247195660.39,865730347.38,,25840896.54,,,,,,,,,,,,,68769020638.42,8838872511.46,59930148126.96,57785581035.92,2144567091.04,10438792823.57,15619209608.46,28420683403.89,3480877159.56,,0.4562418888901792,,0.9338159139809316,0.4982555249568034,0.49845349551171736,-0.00039732736517283994,0.25373938888101766,1.1706691625226968,,1245903302.02,0.05691453319817169
2015,2,16185651569.47,1165878006.33,5037379854.43,7888232276.17,7889895890.08,8364520508.61,11149433527.9,2784913019.29,11151613884.9,592014002.75,1827131652.26,,-18995600.11,404373.28,,,3342169.86,,,476288232.44,4901688343.28,-1290715410.0,-34942456.67,16984694704.92,16514532644.24,11612844300.96,1275907396.62,,62292291.9,373349019.23,373349019.23,39738464.26,2445058.82,,404373.28,-1301708263.37,-2133980381.41,-712663897.15,,38556.61,272887074.26,72337744204.93,8675962015.39,63661782189.54,61304345562.07,2357436627.47,10376471791.04,16284072631.22,30236504717.38,4446804735.3,,0.5860094835363794,0.5582497706520796,0.9279684230612548,0.48735957538151187,0.48746235863387954,-0.00021089819008316367,0.2497806738181917,1.0493673752965984,0.025672895559780463,3625780946.66,0.05694148659803438
2015,3,23734319250.48,1747047687.23,7443208922.79,11424637743.71,11520504950.25,12126789326.87,16162229551.75,4035440224.88,16294979247.55,935401479.03,2592580782.23,,-52132054.3,150533.28,,,3868919.86,,,702151583.16,11423393327.06,-1782994523.04,-5587555381.52,24477232865.84,27550982966.45,16127589639.39,1810810170.61,,136593409.73,,,,,,,,,,,,,77559034189.14,15640191631.06,61918842558.08,59848087655.52,2070754902.56,10891205189.39,16381165059.87,30536117619.71,4746332449.54,,0.9419965185466324,,0.9263914979489177,0.48135518963658286,0.48539437043331296,-0.008391268825375404,0.24968338755237232,1.0313012396740628,,9612583156.449999,0.057900864295894354
2015,4,33446859045.58,2538337449.06,11291736359.61,15503090276.38,15616866431.94,16454996625.22,22001714961.34,5546718336.12,22158991962.87,1484961519.21,3812852076.19,,-67266800.97,-540313.39,,,3869276.9,,,951906348.84,17436340141.72,-2048790264.59,-5588019638.61,37083071835.58,40013906850.05,22577566708.33,2061470481.32,,153647241.24,761458678.29,761458678.29,79883270.42,6804749.02,,-540313.39,-3030932654.85,-6705177839.34,10207469291.54,,-17419.86,-333734968.43,86301463422.77,20067293001.48,66234170421.29,63925978438.99,2308191982.3,11415953189.72,18013297022.7,36800749895.06,4895150716.51,,1.0596380259960632,1.0077293070924709,0.9241083461499072,0.46351408529132815,0.46691578454819865,-0.007338933950049107,0.2521039085301458,1.108716121446403,0.025358037254684534,15374869660.400002,0.05784907590810723
2016,1,10250867583.69,765002011.77,3048304476.48,4889271595.32,4886287212.46,5212078652.48,7206735535.12,1994656882.64,7202563107.21,170385412.55,905013030.88,,-3031403.42,2979616.96,,,,,,322807057.16,7436044334.98,-421345315.83,-508507286.54,15490821766.28,16728239559.62,9292195224.64,367086565.33,,25710726.48,,,,,,,,,,,,,90690449521.88,19749190532.26,70941258989.62,68818767236.7,2122491752.92,11485879409.51,18537817778.2,43775736151.7,5277866268.5,,1.426694574426999,,0.9253719740768885,0.4769617357168134,0.4766706010557094,0.0006103941664554495,0.2767767559832882,1.5111717754433986,,7068957769.65,0.06193441785580168
2016,2,18737617091.82,1475407709.24,5977493622.96,8802637138.02,8798948190.99,9377202963.15,12765285279.24,3388082316.09,12760123468.86,387421652.45,1859591870.32,,-12226120.6,5536334.93,,,,,,574565825.13,13603962283.99,-555507847.55,-3283073780.99,25749880783.76,28074194799.57,14470232515.58,496606045.55,,39694537.32,417647140.02,417647140.02,40081010.55,5681522.13,,5536334.93,-431629401.96,2009494366.98,1919900746.33,,-43123.46,260090725.32,95546499172.84,28193337489.46,67353161683.38,64978911162.49,2374250520.89,11357781630.61,18444926424.66,47528057097.45,5372267342.32,,1.4507484094617638,1.3816531036003927,0.9212595869576128,0.4697842364311541,0.46958736256977013,0.00041907294054727455,0.26541375629105524,1.374234549546924,0.024731515775413288,13107356238.44,0.06127262333852602
2016,3,27532735151.02,2225398682.82,9383156947.59,12465577764.14,12545273396.48,13330191781.89,18037984822.0,4707793040.11,18149578203.43,655110282.33,2786104248.79,,-1302024.0,5491060.08,,,,,,864614017.75,32535332631.69,-773487389.12,-8284063910.35,46386049733.35,53826471257.83,21291138626.14,775269285.34,,50756687.76,,,,,,,,,,,,,105146032285.13,33862528824.06,71283503461.07,68642764747.56,2640738713.51,11249022570.67,18782523499.96,61999742903.47,5549022900.41,,2.440725022117951,,0.919172625944591,0.4527547915514013,0.455649368930033,-0.006393256201029231,0.26099329202052257,1.6847599586062754,,31760063346.35,0.06486133372249293
2016,4,40155084412.93,3410104085.97,15889459243.51,16718362734.16,16954689021.77,17930643109.88,23957880957.11,6027237847.23,24265625169.42,1681052022.9,4187189840.42,,-33175188.52,12327496.22,,,,,,1212280375.72,37451249647.05,-1102500804.2,-8334512252.23,61012964102.54,67279145637.93,29827895990.88,1019178136.92,,189142723.95,842728072.04,842728072.04,80457895.99,11008704.17,,12327496.22,-2608954802.85,7669650565.84,14101721783.17,,1869869.13,-590203046.54,112934538280.41,37035995425.69,75898542854.72,72894137783.25,3004405071.47,14453177439.34,20622251825.55,66854962118.22,2745579995.68,,2.0886729727175215,1.983944575094736,0.915076655028225,0.41634485342475486,0.4222301925060968,-0.014135731552655214,0.2515764168801119,1.5194330928337865,0.023264667123926847,36432071510.130005,0.0676094197118908
2017,1,13913411369.3,1176997676.07,5123258606.74,6123119324.13,6148184676.75,6544833459.07,8755040427.95,2210206968.88,8790152762.56,852434090.09,1122230514.33,,-29494286.28,-5356392.4,,,,,,421714134.94,6108975096.56,-300339692.11,,17391210439.62,17934651145.86,11825676049.3,307369260.11,,259991440.64,,,,,,,,,,,,,118978719020.08,36524831704.5,82453887315.58,79017768109.17,3436119206.41,15197596002.52,20760473514.6,72708333794.74,2082556665.81,,0.9334042087952634,,0.9154055288937226,0.44008756455233466,0.44188908913568065,-0.004093559392387193,0.2524496588072891,1.2499601986895736,,5801605836.450001,0.06443466248259956
2017,2,25493896745.03,2511228414.91,9370126828.76,11250860929.71,11279876578.52,12044438696.03,16083529518.0,4039090821.97,16123769916.27,1378870495.32,2032246237.88,,-37505205.88,-3205173.03,,,,,,793577766.32,6935360410.36,-470688613.17,-364000000.0,28152402920.57,27854052400.88,20918691990.52,480999293.66,,433271070.21,516162327.7,516162327.7,40237130.29,5140436.73,,-3205173.03,-228058581.49,-867196197.21,-4482364865.37,,115399.49,-89908762.78,120382739967.95,41319489297.49,79063250670.46,75622631238.28,3440619432.18,15035615814.03,20850310407.04,73635347053.15,2191037165.14,,0.5758143310278114,0.5503043005286922,0.9014968782518679,0.44131585854576505,0.4424539995330058,-0.002578971421945154,0.2511321173284522,1.104280102886126,0.02202644422451705,6454361116.7,0.06588748436916146
2017,3,44487374571.44,4273438303.5,15850431186.09,19983846984.1,20087008841.63,21361469066.81,28492837658.04,7131368591.23,28636943385.35,1977910933.9,3103772692.91,11266253.85,-39273204.75,-8205173.03,,,,,,1377622082.71,22786767198.19,-747775213.35,-8893177880.8,48901003501.12,52502357189.65,29715589991.46,756994453.84,,579053392.17,,,,,,,,,,,,,127780036133.2,39399190859.07,88380845274.13,84356181525.56,4024663748.57,14851183242.59,20871002103.49,80964678997.12,2393782465.27,,1.0667228516410665,,0.9039404247909145,0.4492026597795507,0.45152156168202956,-0.005162262181655142,0.250286358867373,1.0992108204225983,,22029772744.35,0.06449098039097206
2017,4,61062756866.16,5940436371.97,22122749332.71,27079360255.74,27224083628.17,29006423236.0,38740072142.6,9733648906.6,38940007533.45,2986068544.99,4701795567.31,18747252.83,-55722346.19,-8053703.95,,,,,,1927062980.26,22153036084.13,-1120645214.6,-8899177880.8,64421479343.02,67369462511.81,45216426427.68,1125017192.45,,542162210.47,1035052733.45,1035052733.45,80522705.77,10259101.97,,-8053703.95,-1435229550.91,-458728523.99,-6424243568.62,,3291895.5,343741758.91,134610116875.08,38590489400.0,96019627475.08,91451522828.96,4568104646.12,15244096632.02,22057481376.46,87868869913.34,2016405005.77,,0.7637286370639372,0.7353899220132105,0.9027158831857116,0.4434676985694196,0.4458377745348269,-0.005344416229305843,0.25125531183243527,1.0550044355878294,0.018437335603069035,21028018891.68,0.0664357326851769
2018,1,18395256845.96,1518592897.51,6217578453.0,8506906678.2,8510778903.45,9130535753.3,12172532753.58,3041997000.28,12177678392.96,945090499.2,1201491575.54,2713198.11,-3460582.58,2280412.48,,,,,,623629075.1,4935500707.47,-591910958.52,,19366093290.61,18402183755.91,13466683048.44,574638851.37,,507166841.01,,,,,,,,,,,,,134404941948.3,29255260792.92,105149681155.38,99957947434.17,5191733721.21,15179337572.51,22026303941.34,87211373700.73,2377082563.95,,0.5405488616247069,,0.9174464966579949,0.4624510953794213,0.462661596666923,-0.0004551860501682775,0.24990665967896733,1.0527764549731318,,4360861856.1,0.0683014767095792
2018,2,35251464783.33,3025025121.38,12370347699.6,15764185782.66,15884168512.98,16921352445.58,22719966794.38,5798614348.8,22879895820.5,2199587993.36,2453146603.41,7268893.99,-4224584.95,-1221263.23,,,,,,1157166662.92,17735030962.19,-739781676.98,-13854919610.83,34611486701.83,39344654686.24,21609623724.05,716639810.98,,488566388.95,544243284.45,544243284.45,39850046.62,5061092.94,,1221263.23,-29870127.15,346854127.89,-279582618.0,,242363.0,185659083.63,129914832498.21,33410357927.63,96504474570.58,93397676810.77,3106797759.81,14906697070.37,22087351503.61,83660170568.71,2320642541.01,,1.0480859032531138,1.0127516158129186,0.9141872503746142,0.4471923614962717,0.450595985460764,-0.007611095934429807,0.2552210749812514,0.9818453478335278,0.016712906190740878,17018391151.21,0.06838499857747847
2018,3,54969266451.42,4637055449.21,19130125960.59,24733552720.33,24929011158.67,26571354958.67,35577318406.27,9005963447.6,35837919227.6,2845576568.3,3684290694.19,15202509.86,-4384064.29,-1221263.23,,,,,,1837802238.34,28221285915.54,-1023123815.11,-16435393160.06,57619330306.41,69026599068.86,40805313153.32,1016477926.63,,594104103.42,,,,,,,,,,,,,147147672376.16,40990610327.23,106157062048.93,102369628713.72,3787433335.21,14812649901.59,21862256652.91,100750857255.34,2351418276.53,,1.0620943478206648,,0.9156427627916761,0.44995238825296474,0.45350816497981516,-0.007902562181426416,0.2531377813459046,1.0482099184883984,,27204807988.91,0.06916479197988137
2018,4,77199384110.22,6522921833.77,25864740879.03,35203625263.22,35585443648.6,37829617756.81,50827603447.47,12997985690.66,51342987681.18,2572076872.16,5325940762.24,21953605.93,-3521209.23,-1289685.01,,9634135.0,,,,2625992493.59,41385234406.72,-1628962704.56,-16441093160.06,84268695732.62,89345635398.7,47960400991.98,1606750226.28,,621558368.29,1084662728.58,1084662728.58,80431667.22,10331100.62,,1289685.01,-1449469465.76,525665014.45,2948394448.54,,1808930.93,352502540.32,159846674736.01,42438186813.48,117408487922.53,112838564332.05,4569923590.48,15248556585.02,23506950842.22,112074791420.06,1954322968.68,,1.0939902875246454,1.0609875702042177,0.9155055197790565,0.4560091465620849,0.46095502002701905,-0.01084599618718567,0.25572690445838814,1.0915721246209285,0.015225840334967022,39778484180.44,0.06941631053402
2019,1,22480525254.69,1707440713.18,6484313671.03,11221431345.08,11301721758.13,11915721111.34,15888684168.99,3972963057.65,15996222276.98,871503082.76,1456803021.01,8904052.87,-337499.25,,10693.32,,,,,694289766.26,1189210084.58,-618303783.52,,22758183135.22,23451024643.53,22261814558.95,609482374.33,,105316978.33,,,,,,,,,,,,,159888176447.28,30566115048.51,129322061398.77,124057848042.03,5264213356.74,15122025008.16,24025118303.24,111684417477.61,2387065065.2,,0.09980177225264594,,0.9240480062705037,0.4991623290803194,0.5027338832206413,-0.007155095511518886,0.25004984776549627,1.0123510406177931,,579727710.2499999,0.05826670159301191
2019,2,41172681309.94,3211620131.28,12768899979.57,19951025609.22,20031439180.39,21196527550.11,28290131324.32,7093603774.21,28397996330.73,1986959217.73,2715858665.11,52596141.25,-1912781.6,,-11695002.49,,,5910002.85,,1245501940.89,24086920146.43,-1136383617.75,-19032229837.96,43329084454.18,58251662177.28,34164742030.85,1124791960.56,,1187058209.18,576903241.31,576903241.31,40281285.27,5165745.08,,11695002.49,-507049739.92,-282378353.48,3057070985.53,,106552.8,-5492119.91,165121648977.73,45514872823.37,119606776154.36,114754893638.01,4851882516.35,15013818268.24,24014000582.14,115557859884.77,2507842945.71,,1.1363616087345874,1.1033572201853792,0.9219963327842667,0.48456950032067453,0.48652258106770335,-0.004030548240729866,0.2507448160239499,1.0523746104366392,0.015115611902345324,22962128185.87,0.058759716087720064
2019,3,63508663046.7,5185881319.33,20079873444.73,30454855385.44,30534220918.96,32412303335.96,43205913144.67,10793609808.71,43312307349.4,2613988343.92,4139407936.02,65151161.31,-541979.58,,-7443752.49,,,-109006376.51,-32123.57,1957447950.52,27315401962.03,-2040270177.9,-19288148252.44,66168239672.16,69447803325.78,42132401363.75,2028039371.11,,1218945029.41,,,,,,,,,,,,,162550409174.43,31728364035.1,130822045139.33,125258216613.35,5563828525.98,14815012375.1,23755484740.84,112728862159.17,2797227129.09,,0.8427479429308186,,0.9183437176827883,0.4795386003173386,0.4807882807500953,-0.002606005923047131,0.24981788424581713,1.0418773833028785,,25287362590.92,0.06039212734222128
2019,4,88854337488.76,7430013945.12,29812253033.37,41206471014.43,41406909012.08,43970000792.51,58782551797.72,14812551005.21,59041489276.14,3278990982.26,6167982844.22,48688841.05,7458015.66,,-5313489.8,18768906.58,,-14018472.46,-32123.57,2763529778.08,45210612632.56,-3165685743.25,-19284402829.22,94980138631.64,99444437154.22,54233824521.66,3148864661.38,,1234081863.41,1149884850.35,1149884850.35,83262106.36,10331490.16,,5313489.8,-1777969964.11,3424860902.28,-1615204718.06,32123.57,478391.99,-54395304.75,183042372042.5,41165991813.85,141876380228.65,136010349875.11,5866030353.54,15144182726.19,25284920806.33,13251817237.85,2518938271.72,,1.0282149606024416,0.9998190996237117,0.9163798396892004,0.4637530612351095,0.46600886554714277,-0.004864235949247161,0.2519889074598584,1.0689420608606182,0.013994572263028792,42061747971.18,0.06285034633319245
2020,1,25298492025.94,2032443452.95,6737757560.91,13093770211.16,13155216731.0,13862853487.24,18481501895.9,4618648408.66,18560620625.58,661305550.73,1559853186.0,10349599.63,-5135087.0,,-180336.9,2843219.73,,-2776722.28,,769083276.08,2303109387.5,-420225315.75,-451234400.0,21866005985.4,19618049886.14,17314940498.64,414462399.75,,50194760.15,,,,,,,,,,,,,181624733882.27,25889910825.91,155734823056.36,149104063826.74,6630759229.62,15005339642.37,25272045240.0,19682973020.9,2766719554.2,,0.16613530465570356,,0.9196614782072379,0.5175711737179515,0.5200000346863046,-0.004692805727385413,0.24990655167936413,0.8643205279974604,,1888646987.75,0.05547799208784102
2020,2,45634371275.58,3752326517.73,13495852844.81,22601655085.51,22672726309.64,23927546476.23,31978484456.81,8050937980.58,32080914607.01,1163333510.55,2972613711.83,23591481.34,-72845014.14,,-76467794.53,11546852.94,,7317117.83,,1325891390.72,12620963440.03,-973044191.77,-23734215533.06,46446232767.28,46588616678.2,33967653238.17,964266908.58,,86852437.51,592379883.22,592379883.22,54404820.59,5366894.66,,,-1009728808.7,-104232338.07,-10977412312.83,,10570.36,63477577.87,172197875165.58,29679987489.44,142517887676.14,137226533893.55,5291353782.59,14872913965.35,26294649615.03,25452397286.65,3203369158.83,,0.5274658416218254,0.5134710524789081,0.9177741160260499,0.4952770127810364,0.49683441835370906,-0.0031445141455841916,0.2517610861594633,1.017790570331237,0.014290798366252092,11656696531.45,0.05541276001854855
2020,3,69574876860.53,5830896325.15,21532733158.31,33827103961.22,33902100761.01,35850673342.16,47878689515.23,12028016173.07,47985820569.68,1775856610.73,4549515642.78,37894874.96,-155303715.07,,-75224662.02,12515664.43,68175.91,6317689.14,,2023569380.94,25111002819.99,-1313883405.3,-23878305736.27,71348540311.47,73030148855.77,47919146035.78,1615152863.56,,126872034.54,,,,,,,,,,,,,184579196650.8,30407538525.41,154171658125.39,148452257425.56,5719400699.83,14650777181.74,26980463650.51,27075309623.01,3659652690.81,,0.7004332270228167,,0.9161925024051623,0.4861971086061699,0.4872750379274152,-0.0022170623851209604,0.2512185754216172,1.0254928722977907,,23495849956.43,0.05644438980621054
2020,4,97993240501.21,8154001476.28,31305130587.56,46697285429.81,47016420742.73,49523329882.4,66196941991.11,16673612108.71,66635079882.38,2547745650.95,6789844289.39,50398036.33,-234610582.44,,-71371809.85,13138152.69,305631.46,4897994.43,,2826044452.59,51669068693.03,-1805227155.72,-24127536908.26,107024384560.17,113510851370.01,61841782676.98,2089769498.78,,221421226.63,1195956468.6,1195956468.6,110349099.0,10562811.76,,,-3584166871.73,-504008375.44,4945290607.14,,100113.92,-94513226.58,213395810527.46,45675127426.18,167720683101.28,161322735087.56,6397948013.72,16225082847.29,28869087678.06,36091090060.9,2447444843.03,,1.0433278379245772,1.0163034460841873,0.916790163948305,0.47653578135558633,0.47979248877017644,-0.006834129863923105,0.2518788875617427,1.0921608879629658,0.013438359346262658,49579299194.25,0.05706491181632644
2021,1,28064735731.77,2269951051.23,8355908409.03,13954462085.61,13969463370.71,14772030035.62,19694876329.34,4922846293.72,19714061303.51,567069564.77,1780457948.16,11426605.78,-136091144.09,,263098.62,7184761.22,,-2213879.07,,817567950.01,-1484892858.66,-1423592204.62,-41557504.17,22300937054.32,24042175903.62,25527068762.28,1410877808.72,,207201227.8,,,,,,,,,,,,,215218185984.61,32728418219.03,182489767765.58,175274251801.85,7215515963.73,15978639282.83,29613715889.56,50743255374.4,3302351932.18,,-0.10052056860698613,,0.9191173195812296,0.49722406863119656,0.4977585929981236,-0.0010750170811290511,0.24995568448359842,0.7946248725611468,,-2895770667.38,0.05534567341378179
2021,2,50721582926.18,4232098308.34,15697772696.03,24653985551.58,24649117714.43,26206683856.15,35051000172.04,8844316315.89,35071768181.08,1290651656.73,3487193656.59,23093822.44,-366127499.92,,13131029.0,9230314.89,27841333.33,-2244726.29,,1552698304.57,21719470732.97,-3871592479.38,-26408124658.25,50269929498.37,62180013316.04,40460542583.07,1853649494.08,,1216365944.39,644631614.32,644631614.32,60342317.3,5256138.38,41642811.78,,-1786123404.47,-2448636642.11,-866022994.23,,32406.61,-112442970.14,212868536822.67,45304445091.2,167564091731.47,161737770202.27,5826321529.2,17024720585.11,30655211082.53,54197716644.16,2346809463.96,,0.8287760043273474,0.805661480475743,0.9165621799599712,0.4860649871172459,0.48596901540522175,0.00019744625629869247,0.25232707404866195,0.991095439027064,0.01482352951946064,19865821238.89,0.05924817932298686
2021,3,77053154965.96,6574930241.8,24071862683.13,37266174159.97,37357031229.83,39574961191.11,52856093921.24,13281132730.13,53022962436.42,1923137927.78,5414713232.13,42104922.09,-613412185.94,,-11517981.2,11631527.75,43801333.33,-2244726.29,,2308787031.14,36752297355.92,-4266102236.42,-26528291765.02,79430259956.96,90437459600.93,53685162245.01,2251436707.95,,1461387725.5,,,,,,,,,,,,,224702253941.13,43887313587.77,180814940353.36,174348400992.47,6466539360.89,16686524552.92,30392108629.88,50701984661.77,2696710646.86,,0.9286755122371648,,0.9146702007892522,0.4836424177106464,0.4848215656624745,-0.0024380573511513302,0.25126965965211123,1.0308501967511927,,34500860647.97,0.05833959053025272
2021,4,109464278563.89,8983377809.96,34776902467.47,52460144378.16,52556464900.24,55720529956.46,74528031894.76,18807501938.3,74750880777.52,2737369434.78,8450274065.03,61923213.59,-934523406.02,,-13022441.19,20515911.19,58255937.39,-2244726.29,,3260385578.3,64028676147.37,-5562445704.34,-26564141388.96,119320536796.65,131620986837.97,67592310690.6,3408784532.01,,1643536862.48,1344833911.39,1344833911.39,124084418.97,10687874.77,101608046.18,,-4525277406.77,504305749.89,11880880539.56,,11920829.77,-1115438870.7,255168195159.9,58210688454.56,196957506705.34,189539368797.29,7418137908.05,17472173182.85,33394365084.83,51810243607.11,2321988541.82,,1.1491038616718467,1.1173948896775092,0.917933247925105,0.4792444171414429,0.48012434366490486,-0.001836070472579446,0.25235473767585614,1.090040864125435,0.01444502509909758,60619891615.36,0.05851318321716725
2022,1,33187160227.05,2464917267.76,9185979868.46,17244968587.32,17243064446.83,17952116145.8,24011118056.69,6059001910.9,24026868197.61,530953738.61,2133082794.34,19541510.23,-334383978.12,,-1156763.27,10884602.29,15960000.0,,,707147558.48,-6876059093.79,-1240126213.35,-3846050.69,31487970469.66,23413141364.37,30289200458.16,1223212096.34,,935490531.39,,,,,,,,,,,,,251301891385.48,36393614935.7,214908276449.78,206782990983.25,8125285466.53,17223464361.68,33778534318.57,56375875091.88,2890421242.13,,-0.383022204064711,,0.9257267795467806,0.5196277255823796,0.5195703497636301,0.00011041716198879907,0.25234151515122116,0.9487997844417844,,-8099271190.13,0.03939076333602271
2022,2,59443518511.24,4546487846.1,17854026826.97,29793908077.83,29762821731.41,31105364072.66,41639920455.43,10534556382.77,41634786520.42,1507140603.86,3632969021.8,60119906.58,-667791757.03,,-1021723.58,14053375.82,31920000.0,,343183.91,1311455994.83,-11163941.3,-1705454386.04,-28318526518.81,61157046716.15,59654302130.83,59665466072.13,1685915765.38,,1723179411.12,706271822.35,706271822.35,76118276.63,5313459.04,35161225.79,,-1511736624.86,-11401698201.95,-18103002467.06,-343183.91,276010.26,-897406697.17,239849179963.43,41392730000.97,198456449962.46,192103061138.03,6353388824.43,17494493884.59,34906101709.69,58048264720.81,2667815186.08,,-0.0003589072699461674,-0.0003496573940943084,0.9235158355365469,0.501213737410183,0.5006907813806856,0.0010433792820598014,0.2529917508859279,1.0288261571290738,0.013842800769850238,-1697079706.68,0.04216173106884486
2022,3,89785880318.36,7082313332.56,27890886105.75,44399815583.54,44393231516.91,46313993773.41,61916421152.94,15602427379.53,61961547199.61,2405739943.45,5568895544.01,114934513.17,-1005471184.64,,859974.27,17365776.18,47880000.0,,447236.55,1914178189.87,9405337008.75,-2670952435.78,-29864845719.65,96027635243.02,87046067888.94,77640730880.19,2638790403.92,,1898444119.27,,,,,,,,,,,,,247756923862.35,34310347852.5,213446576009.85,206708774990.38,6737801019.47,17207005544.03,35182574913.05,58145037381.83,3158701651.54,,0.2030776498085085,,0.9211199655508444,0.4945077714458945,0.4944344406882447,0.00014829040489163907,0.25199175096038545,1.0695182238290495,,6766546604.83,0.041330449695939984
2022,4,127553959355.97,10093468616.63,39748309616.85,62717467870.12,62792896829.57,65376039957.88,87701489748.18,22325449790.3,87879521782.39,3297724190.94,9012191073.63,135185680.4,-1391805826.72,,-14686546.25,24505353.83,63840000.0,,213235.69,2658572087.76,36698595830.03,-5536826334.9,-57424528979.83,140691678592.0,137815874923.81,101117279093.78,5306546416.54,33191912.56,2759422171.88,1443574818.5,1443574818.5,156016278.9,11487619.04,77371590.63,,-5430009151.41,-15051874095.8,-8644820580.52,-213235.69,20780992.88,-1222628115.4,254500826096.02,49562744832.16,204938081263.86,197480041239.46,7458040024.4,19742622547.86,38824374236.24,58274318733.23,2208329892.95,,0.5613462646815852,0.547213520673098,0.9208690293300755,0.4916936188165812,0.4922849682331798,-0.0012026786477764193,0.2545618079510822,1.102997345612503,0.013237145405717854,31392049413.489998,0.04066584775512322
2023,1,39379301807.75,2869644707.84,10715598396.54,20794882754.55,20778475545.61,21524725630.16,28700143894.62,7175418264.46,28685886991.92,756507749.16,2012191904.39,22956214.08,-420323994.04,,-2806526.76,20911440.8,4078666.67,,,729842875.61,5244796293.93,218477578.11,-23119951.23,35763459967.03,31953539490.48,26708743196.55,905758713.75,,348030470.89,,,,,,,,,,,,,258390782822.05,31927208619.42,226463574202.63,218275691302.62,8187882900.01,19489407362.2,40052820428.01,72450733950.67,2417566489.04,,0.2436637931672913,,0.9271280958243084,0.528066314026357,0.5276496685251214,0.0007890022335619405,0.250013320170324,0.9081791277465364,,4339037580.18,0.0339071860032148
2023,2,70987206095.38,5706568368.85,21179301470.55,35980415090.77,35947449205.45,37331971189.28,49923983484.18,12592012294.9,49891753180.54,1786303323.18,3830384740.24,72770682.08,-871240079.13,,54299315.64,28827865.57,4078666.67,-79760.73,-3277531.44,1351556098.51,30387178194.96,-480141685.34,-32597493410.31,69072814324.04,68789495031.45,38402316836.49,1404941586.17,1500047.04,1541745123.98,821076005.74,821076005.74,92618165.88,6577938.06,38961701.72,,-2044056987.46,12439401395.84,-17677876276.22,3277531.44,6396901.82,-579132965.77,241604264016.34,32356783924.38,209247480091.96,200916113969.05,8331366122.91,19243169981.08,40868431223.7,70521275705.21,2678616338.35,,0.8139719716618066,0.7935811420512978,0.9196113119146776,0.506857743385842,0.5063933514604053,0.0009162174821172751,0.2522237092496871,0.9730318760711925,0.013512770316825148,28982236608.79,0.03620371642465276
2023,3,105315900448.1,8563558153.38,32235692213.48,52876217064.12,52815640756.86,54827171371.97,73226685594.58,18399514222.61,73171463156.46,3062692687.17,5733477491.0,101126024.63,-1332267887.99,,44435079.3,33936871.22,6080875.75,9435832.66,-2633737.09,1950954307.85,50002007018.66,-8316439457.94,-34724722802.48,111254177296.75,112510465347.75,62508458329.09,1944592847.27,1500047.04,2281538381.49,,,,,,,,,,,,,262076424771.47,37057625012.06,225018799759.41,217808624847.3,7210174912.11,18912791494.75,40990482220.34,70641010014.72,2936014010.72,,0.9119931918323105,,0.9186869397978499,0.5020724965474473,0.5014973098282316,0.0011456248314160725,0.251267882373907,1.0563853779285342,,48057414171.39001,0.03558371258319942
2023,4,150560330316.45,11867273851.78,46960889468.54,74734071550.75,74752564425.52,77521476277.8,103662553689.81,26141077412.01,103708655208.38,4648613585.82,9729389252.31,157371873.01,-1789503701.48,,37871293.26,34644873.86,34025967.82,3151962.5,-479736.97,2787404727.05,66593247721.09,-9724414015.16,-58889101991.94,163699909417.62,168256168955.95,101662921234.86,2619755888.79,1500047.04,2346196470.63,1651428992.2,1651428992.2,196656866.73,16886608.86,72443839.21,,-7610810825.29,-3465130974.53,-591505967.47,479736.97,-1632253.14,-1134619985.02,272699660092.25,49043190797.43,223656469294.82,215668571607.43,7987897687.39,19909280655.97,46435185061.53,69070136376.12,2137464700.45,,0.8590296640178982,0.8380842666542382,0.9211792785866159,0.49637292501731883,0.49649575202448026,-0.00024744904681723694,0.2521747389151929,1.087271189386693,0.012868039694970837,63973491832.299995,0.035956548570634426
2024,1,46484738134.23,3381292339.02,13344131153.66,24065262374.15,24051471185.69,24882347326.74,33173685140.01,8291337813.27,33157339181.96,1140575656.66,2062253342.52,28165665.55,-486783948.02,,-12547392.15,14273862.71,1283616.07,13714077.55,8037.21,817084952.59,9187422415.09,-766514727.33,-11756332.28,46257239517.26,44545673036.62,35358250621.53,796091344.46,,1228034207.29,,,,,,,,,,,,,285524543268.38,36987774717.85,248536768550.53,239731785910.55,8804982639.98,19541551054.14,46852227606.93,74197126391.43,2813289076.98,,0.3692345538966361,,0.9272601616200111,0.5177024404151488,0.5174057583424182,0.000573074510702899,0.24993719504710718,0.9951059503376555,,8391331070.63,0.03283793694624275
2024,2,83451164646.53,6750879251.19,25936116155.36,41695610983.37,41670097819.99,43176914345.12,57578281653.44,14401367308.32,57550951619.01,2617482932.18,3836028544.08,92416649.15,-894961239.26,,-18066729.69,16080612.71,2288120.31,35533843.83,67280.68,1481303361.75,36621833812.63,-2898860221.14,-38815639978.07,87093638361.68,102242146671.06,65620312858.43,1530991618.84,2818171.29,2259241541.83,849272503.83,849272503.83,108583867.33,8721090.73,34497364.99,,-1331293670.84,-7938626765.57,2056620209.93,-67280.68,230210.62,-329010964.98,279207261166.63,51162451517.35,228044809649.28,218575608600.14,9469201049.14,19832510243.79,47766478732.37,56840349530.82,2560368563.58,,0.8481808940746854,0.828961084445213,0.919103834203101,0.4996408517481818,0.4993351260763104,0.0006118908628100119,0.25011804615846145,1.043647967413975,0.011995935959913844,35090842193.79,0.03430776340128673
2024,3,123122542625.45,10228077394.34,39182396617.66,60827552118.51,60778641454.76,63031462239.55,84048883603.03,21017421363.48,83996733560.98,4235182341.09,5767525028.76,140401034.71,-1172804656.48,,-10340233.31,18147885.59,8019358.73,40768101.0,-7558.82,2203910121.04,44421386217.45,-605409055.95,-38989316464.81,129685318970.82,134638312525.1,90216926307.65,2874366279.39,2818171.29,2374170205.15,,,,,,,,,,,,,286770722957.69,39082558719.52,247688164238.17,237709455000.28,9978709237.89,20237604798.2,48224880009.62,60084745614.27,2878910487.96,,0.7047494162300609,,0.916927662666497,0.4940407403992051,0.49364348850116074,0.0008040873263271816,0.25006187426292376,1.0533028006523109,,41547019938.06,0.03496523867182514
2024,4,174144069958.25,13789482367.98,54523971452.57,86228146421.62,86240905977.42,89334728025.9,119638578194.46,30303850168.56,119688579453.23,5639300059.49,9315650060.38,218375472.87,-1470219863.34,,-23248436.03,21229466.81,9130340.37,60980724.35,388852.05,3106581604.28,92463692168.43,-1785202630.71,-71067506484.81,182645203339.89,200086334660.56,107622642492.13,4678712053.56,,3258097705.14,1721165327.14,1721165327.14,249170059.35,20191550.34,94492678.29,,-7908100095.94,1761268977.59,8065959951.08,-388852.05,7287333.87,-849694742.54,298944579918.7,56933264798.1,242011315120.6,233105984399.47,8905330721.13,21871446747.14,54343285157.47,59295822956.89,2149619937.05,,1.0350251711923593,1.0114192453419286,0.9208156650336359,0.49515407812791257,0.49522734824157805,-0.0001479743718207057,0.25329497078529517,1.0488166687713116,0.011972957882630577,87784980114.87,0.03477462430264899
2025,1,51443450583.77,4061430550.43,14433297495.64,26847474238.76,26849883702.9,27774636011.61,37031453649.79,9256817638.18,37036598228.0,1495322480.9,1919959143.43,26350331.91,-282549536.99,,7249078.21,17785942.53,265351.99,652973.61,491793.53,927161772.85,8809195646.38,-624221953.78,-1607488478.75,56144062118.93,50584251289.87,41775055643.49,901104348.81,,1689179261.8,,,,,,,,,,,,,312368697395.05,44178362224.66,268190335170.39,258357842676.41,9832492493.98,21548454010.53,54798455069.13,52199240419.27,2798544583.47,,0.31716691598398233,,0.9210505806989675,0.5218832316670097,0.5219300688078441,-8.974639917987644e-05,0.2499717598375319,1.0913743437078658,,7908091297.57,0.033381599401066483
2025,2,91093762553.97,7777491083.93,28353948643.16,45402962298.1,45390247623.82,46986681449.24,62778000766.82,15791319317.58,62768973374.37,3260462949.46,3694704172.74,73901545.96,-486644673.87,,4312358.58,22518010.95,59165.27,1758003.31,511925.45,1583719151.14,13119061031.33,-314350963.69,-39892813631.78,95086614960.23,98002530175.18,84883469143.85,1595995809.23,,3959173739.04,940703752.88,940703752.88,139668544.83,10560492.82,26052929.46,,-628446802.13,-20679149330.03,-13505587402.34,-511925.45,1709580.66,-170860351.99,292257789095.51,43122202832.76,249135586262.75,238646536390.48,10489049872.27,21758335604.37,54971731959.6,51644880716.93,2762214966.85,,0.2792080782615517,0.2727247589082302,0.9146210358879172,0.4984201006210526,0.49828052274081663,0.00028004063251465107,0.25154224608449416,1.0438323359834254,0.012261934172805997,11523065222.1,0.03370570345239005
2025,3,130903889634.88,11183972073.77,41426154052.85,64626746712.18,64680616431.2,66898804746.17,89403444454.68,22504639708.51,89489694566.48,4478672252.48,5503383668.62,113086640.98,-634730437.77,,-20021460.99,24453342.83,59165.27,6956011.89,511925.45,2272058033.99,38196802155.27,-5423368095.74,-43243803506.28,138791719991.59,136733522764.24,98536720608.97,2282862269.89,,4429717886.39,,,,,,,,,,,,,304738184929.86,39033160057.01,265705024872.85,257069964386.23,8635060486.62,21170758112.81,55858862716.48,51753057846.45,3534669471.18,,0.5709638953969023,,0.9145634854322161,0.49369615289842295,0.49410767404703243,-0.0008335514591181484,0.2517200522393514,1.060256653784016,,35913939885.38,0.0339626102829599
2025,4,172054171890.91,14892277570.91,57370818034.33,82320067101.68,82293107655.25,85310324833.67,114755261605.08,29444936771.41,114808950164.24,7253499600.68,8320061659.66,190112246.58,-815240284.72,,17234379.37,28531529.3,561176.14,76162597.66,3106625.19,2990257731.99,61522204989.35,-31641898948.89,-73427081208.87,183990403487.8,186128798765.94,124606593776.59,3127594916.41,,4712295194.89,1893338311.91,1893338311.91,289613682.99,20637734.49,55797324.89,,-7084136638.71,-10983881858.27,-6806428089.04,-3106625.19,5491211.47,-1110221693.98,303834844021.44,49875590112.37,253959253909.07,244637811032.18,9321442876.89,22488122304.35,61427421796.18,51690610946.5,2471886030.58,,0.7211577861097138,0.7025511865115059,0.9134442518467244,0.47845435072550624,0.478297659108362,0.00032749543797981775,0.25658899086250286,1.0693748455251528,0.013131835336794693,58394610072.94,0.03505153377179282
2026,1,54702912385.23,5520729200.32,17192223524.71,27242512886.45,27239985194.41,28153831489.89,37543249644.02,9389418154.13,37537008686.42,1605764764.88,1853763865.81,59310724.46,-115803334.98,,25860797.96,2970996.16,434629.49,-3077007.2,130409.49,911318603.44,26909891269.13,25638946497.35,-1005514179.59,56392589148.92,56180964222.42,29271072953.29,604791583.89,,415433867.42,,,,,,,,,,,,,319918844905.58,38782958469.89,281135886435.69,270894035676.27,10241850759.42,22132684069.8,60692316104.51,48786691397.55,2850892024.69,,0.9558163079434963,,0.8990779656951022,0.4980084551002002,0.4979622474682884,9.278483415008863e-05,0.2500960423820311,1.0308882414119183,,26305099685.24,0.032369256872452803
2026,2,92278072083.21,9473762565.88,30946044878.08,44516880421.86,44464207646.01,46033330566.78,61438419177.29,15405088610.51,61411291686.27,3206308341.53,3635355263.82,114926219.6,-243237716.96,,32473761.91,23554465.99,1013870.58,22082651.62,139731.04,1516450144.92,70690750119.06,25640543520.6,-37944297802.12,98421697395.39,109245728301.02,38554978181.96,832142752.28,,1997932646.37,1019596188.09,1019596188.09,153074255.31,8786972.11,25933200.71,,110213424.88,26126578660.96,-2915112091.11,-139731.04,2003901.73,161020463.59,309050784569.31,46954432394.95,262096352174.36,251253594419.5,10842757754.86,22220890242.73,61317208371.3,53518798979.08,2481191369.98,,1.5356427451302872,1.4963943891800429,0.8973346283466215,0.4824210066040147,0.4818502017024721,0.001183209051282343,0.2507403155354022,1.0665773045912803,0.01308426356297581,69858607366.78,0.032942438147509315
