,,revenue,operating_cost,total_operate_cost,parent_net_profit,deduct_parent_net_profit,net_profit,total_profit,income_tax,operating_profit,manage_expense,asset_impairment,credit_impairment,invest_income,fairvalue_change,minority_interest,netcash_operate,netcash_invest,netcash_finance,total_operate_inflow,total_operate_outflow,construct_long_asset,receive_other_operate,depr_fa,amort_ia_lpe,impairment_provision,operate_rece_reduce,operate_payable_add,disposal_longasset_loss,defer_tax,total_assets,total_liabilities,total_equity,total_parent_equity,minority_equity,fixed_asset,cip,cash_conversion_naive,cash_conversion_adjusted,gross_margin,net_margin,deduct_net_margin,nonrecurring_ratio,effective_tax_rate,dep_to_revenue,free_cash_flow,minority_ratio
2011,3,351729000000.0,140485000000.0,140485000000.0,163840000000.0,163018000000.0,163978000000.0,212359000000.0,48381000000.0,211244000000.0,92176000000.0,24383000000.0,,5770000000.0,-778000000.0,138000000.0,170681000000.0,-6516000000.0,-21248000000.0,2062323000000.0,1891642000000.0,5303000000.0,39465000000.0,8436000000.0,1659000000.0,24383000000.0,-1595310000000.0,1567513000000.0,-508000000.0,1186000000.0,15127002000000.0,14225136000000.0,901866000000.0,900682000000.0,1184000000.0,92526000000.0,13515000000.0,1.040877434777836,0.8600445438787439,0.6005873840371422,0.4658131686610999,0.4634761421435253,0.00501708984375,0.22782646367707515,0.028701073838096943,165378000000.0,0.0008415763090170633
2011,4,475214000000.0,204214000000.0,204214000000.0,208265000000.0,207208000000.0,208445000000.0,272311000000.0,63866000000.0,271000000000.0,139598000000.0,31121000000.0,,8337000000.0,-211000000.0,180000000.0,348123000000.0,-56733000000.0,36005000000.0,2431213000000.0,2083090000000.0,11405000000.0,15481000000.0,11218000000.0,2235000000.0,31121000000.0,-1678934000000.0,1774660000000.0,-881000000.0,-1722000000.0,15476868000000.0,14519045000000.0,957823000000.0,956742000000.0,1081000000.0,100246000000.0,16054000000.0,1.6700952289572788,1.3758769104296515,0.5702693944201981,0.438255186084585,0.4360309250148354,0.005075264686817276,0.2345333093411577,0.028309351155479424,336718000000.0,0.0008635371440907674
2012,1,131017000000.0,51416000000.0,51416000000.0,61335000000.0,61167000000.0,61372000000.0,79828000000.0,18456000000.0,79601000000.0,31913000000.0,10148000000.0,,1728000000.0,-5000000.0,37000000.0,399732000000.0,-56497000000.0,6343000000.0,1062848000000.0,663116000000.0,467000000.0,6649000000.0,3030000000.0,611000000.0,10148000000.0,-581811000000.0,906476000000.0,-39000000.0,-273000000.0,16431196000000.0,15408253000000.0,1022943000000.0,1021815000000.0,1128000000.0,100247000000.0,15597000000.0,6.5132633774359645,5.318343289738029,0.607562377401406,0.46814535518291517,0.4668630788370975,0.002739056003912937,0.23119707370847323,0.02779028675668043,399265000000.0,0.0006028807925438311
2012,2,265486000000.0,105828000000.0,105828000000.0,123160000000.0,122720000000.0,123241000000.0,160212000000.0,36971000000.0,159658000000.0,66889000000.0,19237000000.0,,2799000000.0,-255000000.0,81000000.0,821025000000.0,-89709000000.0,27735000000.0,1879326000000.0,1058301000000.0,5180000000.0,16072000000.0,6022000000.0,1256000000.0,19237000000.0,-731492000000.0,1400999000000.0,-318000000.0,-1650000000.0,17073050000000.0,16055602000000.0,1017448000000.0,1016318000000.0,1130000000.0,100879000000.0,17090000000.0,6.661946917016253,5.482418066721867,0.6013801104389686,0.46390393467075475,0.46224659680736463,0.0035725885027606367,0.23076298903952264,0.027413874931258145,815845000000.0,0.0006572488051865856
2012,3,401473000000.0,162423000000.0,162423000000.0,185602000000.0,185013000000.0,185711000000.0,239840000000.0,54129000000.0,239050000000.0,103575000000.0,25459000000.0,,3842000000.0,-567000000.0,109000000.0,883704000000.0,-165756000000.0,-44711000000.0,2369115000000.0,1485411000000.0,9110000000.0,39986000000.0,8775000000.0,1972000000.0,25459000000.0,-1121816000000.0,1776732000000.0,-426000000.0,2283000000.0,17371150000000.0,16295876000000.0,1075274000000.0,1073350000000.0,1924000000.0,101954000000.0,19057000000.0,4.758490342521444,3.982137465809289,0.595432320479833,0.4623025707830913,0.46083547336931746,0.0031734571825734635,0.22568795863909272,0.026768923439434284,874594000000.0,0.0005869334611304662
2012,4,536945000000.0,229487000000.0,229487000000.0,238532000000.0,237582000000.0,238691000000.0,308687000000.0,69996000000.0,307458000000.0,153336000000.0,33745000000.0,,4707000000.0,-371000000.0,159000000.0,533508000000.0,-126670000000.0,-49279000000.0,2555110000000.0,2021602000000.0,18707000000.0,23870000000.0,12288000000.0,2708000000.0,33745000000.0,-1518383000000.0,1755678000000.0,-961000000.0,-284000000.0,17542217000000.0,16413758000000.0,1128459000000.0,1124997000000.0,3462000000.0,110275000000.0,22604000000.0,2.2351408306136387,1.8561190124968687,0.5726061328441461,0.4442391678849789,0.4424698991516822,0.0039826941458588365,0.22675396113215004,0.027928372552123586,514801000000.0,0.0006661332015031987
2013,1,147760000000.0,59525000000.0,59525000000.0,68743000000.0,68667000000.0,68813000000.0,88338000000.0,19525000000.0,88235000000.0,35402000000.0,12152000000.0,,1211000000.0,692000000.0,70000000.0,323021000000.0,-138874000000.0,11848000000.0,1322879000000.0,999858000000.0,4493000000.0,19044000000.0,3305000000.0,750000000.0,12152000000.0,-474919000000.0,712239000000.0,-97000000.0,962000000.0,18357278000000.0,17159463000000.0,1197815000000.0,1194175000000.0,3640000000.0,112107000000.0,22985000000.0,4.6941856916571,3.7993530933897905,0.5971507850568489,0.465234163508392,0.4647198159177044,0.0011055671122877965,0.22102605900065658,0.027443151055766106,318528000000.0,0.0010172496475956579
2013,2,298607000000.0,120214000000.0,120214000000.0,138347000000.0,138003000000.0,138477000000.0,178841000000.0,40364000000.0,178393000000.0,72698000000.0,21941000000.0,,2816000000.0,-263000000.0,130000000.0,142724000000.0,-223329000000.0,17170000000.0,1778829000000.0,1636105000000.0,7409000000.0,57697000000.0,6664000000.0,1534000000.0,21941000000.0,-897736000000.0,863972000000.0,-423000000.0,1021000000.0,18723353000000.0,17548260000000.0,1175093000000.0,1171507000000.0,3586000000.0,115271000000.0,24706000000.0,1.0306693530333557,0.8464439910803245,0.597417341187581,0.4633079599607511,0.4621559441004397,0.002486501333603186,0.2256976867720489,0.0274541454152113,135315000000.0,0.0009387840580024119
2013,3,441917000000.0,177880000000.0,177880000000.0,205533000000.0,205078000000.0,205771000000.0,264649000000.0,58878000000.0,264037000000.0,112117000000.0,28620000000.0,,3775000000.0,-801000000.0,238000000.0,69831000000.0,-188712000000.0,-72107000000.0,2201336000000.0,2131505000000.0,20792000000.0,20711000000.0,9929000000.0,2239000000.0,28620000000.0,-1281784000000.0,1094484000000.0,-493000000.0,1534000000.0,18742548000000.0,17507159000000.0,1235389000000.0,1231739000000.0,3650000000.0,120302000000.0,24671000000.0,0.3393626895918278,0.2832222713427618,0.5974809749342072,0.46509412400971223,0.4640645189028709,0.00221375642840809,0.22247580757909532,0.027534582285813854,49039000000.0,0.0011566255692007134
2013,4,589637000000.0,252591000000.0,252591000000.0,262649000000.0,261537000000.0,262965000000.0,338537000000.0,75572000000.0,337046000000.0,165280000000.0,38321000000.0,,3078000000.0,-151000000.0,316000000.0,-1947000000.0,-164161000000.0,-65465000000.0,2550623000000.0,2552570000000.0,32485000000.0,32813000000.0,13386000000.0,3052000000.0,38321000000.0,-1552720000000.0,1219685000000.0,-848000000.0,1972000000.0,18917752000000.0,17639289000000.0,1278463000000.0,1274134000000.0,4329000000.0,135863000000.0,24841000000.0,-0.0074040271519023445,-0.006127960116327378,0.5716160960048301,0.4454418565999081,0.4435559505254928,0.004233787297876634,0.2232311386938503,0.02787816911082581,-34432000000.0,0.0012016808320498926
2014,1,162633000000.0,67273000000.0,67273000000.0,73302000000.0,73083000000.0,73461000000.0,95657000000.0,22196000000.0,95360000000.0,37528000000.0,13776000000.0,,431000000.0,1066000000.0,159000000.0,247991000000.0,-34896000000.0,-6417000000.0,1109335000000.0,861344000000.0,6944000000.0,15390000000.0,3602000000.0,842000000.0,13776000000.0,-542017000000.0,701713000000.0,-218000000.0,133000000.0,19734683000000.0,18371763000000.0,1362920000000.0,1358485000000.0,4435000000.0,139384000000.0,25021000000.0,3.3758184614965763,2.70493341041219,0.5863508636008682,0.4507203335116489,0.44937374333622326,0.0029876401735286894,0.2320373835683745,0.027325327578043818,241047000000.0,0.0021644137705721404
2014,2,328425000000.0,134919000000.0,134919000000.0,148100000000.0,147676000000.0,148381000000.0,194090000000.0,45709000000.0,193506000000.0,78674000000.0,24167000000.0,,1827000000.0,1202000000.0,281000000.0,418091000000.0,-106862000000.0,-72704000000.0,1929876000000.0,1511785000000.0,17754000000.0,39670000000.0,7302000000.0,1658000000.0,24167000000.0,-982520000000.0,1224377000000.0,-426000000.0,396000000.0,20303677000000.0,18944174000000.0,1359503000000.0,1354857000000.0,4646000000.0,149309000000.0,22601000000.0,2.8176855527324927,2.3034301518390374,0.5891938798812514,0.45094009286747355,0.4496490827433965,0.002862930452397029,0.23550414756041013,0.027281723376722234,400337000000.0,0.0018937734615617902
2014,3,488589000000.0,201084000000.0,201084000000.0,220464000000.0,219956000000.0,220855000000.0,288231000000.0,67376000000.0,287505000000.0,118873000000.0,32456000000.0,,3067000000.0,417000000.0,391000000.0,76689000000.0,-132832000000.0,-82834000000.0,1816818000000.0,1740129000000.0,24620000000.0,43795000000.0,11124000000.0,4479000000.0,32456000000.0,-1277845000000.0,1077576000000.0,-506000000.0,1144000000.0,20150956000000.0,18718581000000.0,1432375000000.0,1427581000000.0,4794000000.0,152809000000.0,23048000000.0,0.347236874872654,0.28518039224436065,0.5884393631457114,0.4512258769640741,0.4501861482759538,0.002304231076275492,0.23375695188928325,0.03193481637941092,52069000000.0,0.001770392338864866
2014,4,658892000000.0,299280000000.0,299280000000.0,275811000000.0,274375000000.0,276286000000.0,361612000000.0,85326000000.0,359612000000.0,176261000000.0,56729000000.0,,4920000000.0,680000000.0,475000000.0,201457000000.0,-146741000000.0,-26344000000.0,2460708000000.0,2259251000000.0,44623000000.0,27783000000.0,15053000000.0,3252000000.0,56729000000.0,-1630065000000.0,1485111000000.0,-944000000.0,-7673000000.0,20609953000000.0,19072649000000.0,1537304000000.0,1530859000000.0,6445000000.0,171434000000.0,24804000000.0,0.7291610867000138,0.5734287828760105,0.5457829204179138,0.4185981921164622,0.4164187757629475,0.005206463846619606,0.23596008982002808,0.027781487709670174,156834000000.0,0.001719232968735296
2015,1,181164000000.0,84775000000.0,84775000000.0,74324000000.0,73858000000.0,74457000000.0,97019000000.0,22562000000.0,96389000000.0,37973000000.0,20748000000.0,,3666000000.0,-1295000000.0,133000000.0,518295000000.0,-84617000000.0,6260000000.0,1133567000000.0,615272000000.0,2934000000.0,4761000000.0,4002000000.0,1626000000.0,20748000000.0,-439103000000.0,851238000000.0,-118000000.0,1460000000.0,21396633000000.0,19775373000000.0,1621260000000.0,1611328000000.0,9932000000.0,169621000000.0,25030000000.0,6.960997622788993,5.140132694653536,0.5320538296791857,0.4102581086750127,0.4076858537016184,0.006269845541144179,0.2325523866459147,0.031065774657216664,515361000000.0,0.0017862658984380247
2015,2,356242000000.0,162893000000.0,162893000000.0,149021000000.0,148176000000.0,149426000000.0,194678000000.0,45252000000.0,193349000000.0,79550000000.0,41951000000.0,,6080000000.0,-114000000.0,405000000.0,1083849000000.0,-379990000000.0,14306000000.0,2555686000000.0,1471837000000.0,16688000000.0,44398000000.0,8088000000.0,1695000000.0,41951000000.0,-797567000000.0,1679709000000.0,-463000000.0,1198000000.0,22417295000000.0,20803658000000.0,1613637000000.0,1603025000000.0,10612000000.0,180038000000.0,24675000000.0,7.253416406783291,5.387994631139391,0.5427462230730795,0.4183139551203957,0.4159419720302491,0.005670341763912469,0.23244537133112114,0.027461669314679346,1067161000000.0,0.0027103716889965604
2015,3,524628000000.0,235754000000.0,235754000000.0,221761000000.0,220692000000.0,222291000000.0,290521000000.0,68230000000.0,288874000000.0,120815000000.0,61569000000.0,,7570000000.0,2083000000.0,530000000.0,752630000000.0,-545144000000.0,-97583000000.0,2723872000000.0,1971242000000.0,27366000000.0,58368000000.0,12247000000.0,4742000000.0,61569000000.0,-957569000000.0,1413432000000.0,-598000000.0,1879000000.0,22104917000000.0,20414265000000.0,1690652000000.0,1680028000000.0,10624000000.0,187145000000.0,24015000000.0,3.3857870988928926,2.5016868927601554,0.550626348574609,0.4227014189101611,0.42066378462453397,0.004820504958040413,0.23485393482743072,0.032382945630046435,725264000000.0,0.0023842620708890597
2015,4,697647000000.0,338112000000.0,338112000000.0,277131000000.0,274467000000.0,277720000000.0,363235000000.0,85515000000.0,359535000000.0,177823000000.0,86993000000.0,,10409000000.0,2796000000.0,589000000.0,1131764000000.0,-666961000000.0,-36732000000.0,3188098000000.0,2056334000000.0,33486000000.0,88058000000.0,16976000000.0,3368000000.0,86993000000.0,-1210467000000.0,1971660000000.0,-848000000.0,-3869000000.0,22209780000000.0,20409261000000.0,1800519000000.0,1789474000000.0,11045000000.0,195401000000.0,26101000000.0,4.075198041192568,2.9392115972440442,0.5153537534025088,0.3972367114027581,0.3934181613337404,0.009612782402546089,0.2354261015595964,0.02916087935589202,1098278000000.0,0.0021208411349560707
2016,1,193889000000.0,96367000000.0,96367000000.0,74764000000.0,74466000000.0,74904000000.0,97922000000.0,23018000000.0,97522000000.0,37646000000.0,23668000000.0,,1998000000.0,2028000000.0,140000000.0,199614000000.0,-198296000000.0,882000000.0,1397387000000.0,1197773000000.0,3849000000.0,2398000000.0,3424000000.0,1684000000.0,23668000000.0,-744391000000.0,849524000000.0,-127000000.0,3172000000.0,22883325000000.0,21009246000000.0,1874079000000.0,1863180000000.0,10899000000.0,195982000000.0,25105000000.0,2.6649311118231336,1.925289351851852,0.5029785083217717,0.3856020712882113,0.38406510941827543,0.003985875555079985,0.23506464328751456,0.026344970575948094,195765000000.0,0.0018690590622663676
2016,2,357670000000.0,163563000000.0,163563000000.0,150217000000.0,149495000000.0,150656000000.0,195075000000.0,44419000000.0,194107000000.0,76938000000.0,44433000000.0,,4114000000.0,3166000000.0,439000000.0,297632000000.0,-426900000000.0,3701000000.0,1835743000000.0,1538111000000.0,11859000000.0,69892000000.0,8844000000.0,1609000000.0,44433000000.0,-1086680000000.0,1194185000000.0,-378000000.0,5534000000.0,23524327000000.0,21656550000000.0,1867777000000.0,1856593000000.0,11184000000.0,200354000000.0,24093000000.0,1.975573491928632,1.4480349514940984,0.5426985769004948,0.4199876981575195,0.4179690776414013,0.004806380103450342,0.2277021658336537,0.02922526351105768,285773000000.0,0.0029139231096006798
2016,3,517774000000.0,229244000000.0,229244000000.0,222792000000.0,221802000000.0,223468000000.0,289866000000.0,66398000000.0,288530000000.0,117223000000.0,63906000000.0,,6565000000.0,4607000000.0,676000000.0,283803000000.0,-324764000000.0,-59826000000.0,2788343000000.0,2504540000000.0,11783000000.0,65257000000.0,10244000000.0,4614000000.0,63906000000.0,-1465280000000.0,1465552000000.0,-101000000.0,6366000000.0,23646472000000.0,21692477000000.0,1953995000000.0,1942287000000.0,11708000000.0,206365000000.0,24185000000.0,1.2699939141174574,0.9390236639402842,0.557250846894591,0.4302881179819767,0.42837608686415307,0.004443606592696327,0.22906446426969704,0.02869591752386176,272020000000.0,0.003025041616696798
2016,4,675891000000.0,315576000000.0,315576000000.0,278249000000.0,275988000000.0,279106000000.0,363279000000.0,84173000000.0,360315000000.0,175156000000.0,87894000000.0,,10020000000.0,4168000000.0,857000000.0,239221000000.0,-468932000000.0,-50786000000.0,2920006000000.0,2680785000000.0,36915000000.0,122942000000.0,18694000000.0,3126000000.0,87894000000.0,-1795252000000.0,1657983000000.0,-181000000.0,1479000000.0,24137265000000.0,22156102000000.0,1981163000000.0,1969751000000.0,11412000000.0,220651000000.0,22968000000.0,0.8570973035334246,0.6152487011984981,0.5330963128670155,0.41167732666953694,0.4083321127223177,0.00812581536681174,0.23170345657194608,0.03228331195414645,202306000000.0,0.0030705180110782286
2017,1,189525000000.0,91122000000.0,91122000000.0,75786000000.0,75497000000.0,76027000000.0,98796000000.0,22769000000.0,98403000000.0,36608000000.0,31505000000.0,,1899000000.0,-100000000.0,241000000.0,109306000000.0,-160233000000.0,12906000000.0,1434297000000.0,1324991000000.0,331000000.0,45280000000.0,3298000000.0,1554000000.0,31505000000.0,-718667000000.0,709143000000.0,-4000000.0,1492000000.0,24904936000000.0,22859965000000.0,2044971000000.0,2032748000000.0,12223000000.0,219491000000.0,24112000000.0,1.4377260710010917,0.9726117596810934,0.519208547685002,0.3998733676296003,0.39834850283603745,0.003813369223867205,0.23046479614559293,0.025600844215802665,108975000000.0,0.0031699264734896815
2017,2,362151000000.0,166789000000.0,166789000000.0,152995000000.0,152153000000.0,153687000000.0,196498000000.0,42811000000.0,195362000000.0,76091000000.0,61343000000.0,,3787000000.0,971000000.0,692000000.0,346542000000.0,-118910000000.0,51344000000.0,2036163000000.0,1689621000000.0,4876000000.0,53819000000.0,8879000000.0,1492000000.0,61343000000.0,-1175040000000.0,1277796000000.0,-720000000.0,-418000000.0,25514046000000.0,23483412000000.0,2030634000000.0,2018295000000.0,12339000000.0,217584000000.0,25884000000.0,2.25485564816803,1.5374465951792582,0.5394490143614128,0.4224619012511356,0.42013690421951067,0.005503447825092323,0.2178699019837352,0.028637225908529868,341666000000.0,0.0045026579997006905
2017,3,535773000000.0,244984000000.0,244984000000.0,227999000000.0,226538000000.0,229086000000.0,292759000000.0,63673000000.0,290789000000.0,119831000000.0,89616000000.0,,6060000000.0,1628000000.0,1087000000.0,716796000000.0,-250073000000.0,-35191000000.0,3025522000000.0,2308726000000.0,6522000000.0,88739000000.0,9760000000.0,4455000000.0,89616000000.0,-1184274000000.0,1545585000000.0,-989000000.0,-1947000000.0,25764798000000.0,23663656000000.0,2101142000000.0,2088946000000.0,12196000000.0,214712000000.0,26602000000.0,3.128938477253084,2.1530771934145747,0.5427466483006795,0.4255514928897126,0.42282459175807663,0.00640792284176685,0.21749288664054733,0.02653175878590373,710274000000.0,0.004744942947190138
2017,4,726502000000.0,364660000000.0,364660000000.0,286049000000.0,283963000000.0,287451000000.0,364641000000.0,77190000000.0,361842000000.0,177723000000.0,127769000000.0,,11927000000.0,-840000000.0,1402000000.0,770864000000.0,-489258000000.0,81835000000.0,3408308000000.0,2637444000000.0,6880000000.0,144584000000.0,17022000000.0,3050000000.0,127769000000.0,-1501830000000.0,1824186000000.0,-1377000000.0,-9312000000.0,26087043000000.0,23945987000000.0,2141056000000.0,2127491000000.0,13565000000.0,216156000000.0,29531000000.0,2.681723145857903,1.7709123990332927,0.49806056968872764,0.3937346352797377,0.39086334242713716,0.007292456886757164,0.21168765991756275,0.0276282790687431,763984000000.0,0.004877353009730354
2018,1,197198000000.0,96912000000.0,96912000000.0,78802000000.0,77795000000.0,79069000000.0,101646000000.0,22577000000.0,100286000000.0,37818000000.0,42258000000.0,,2678000000.0,254000000.0,267000000.0,62160000000.0,-95594000000.0,1054000000.0,1364086000000.0,1301926000000.0,694000000.0,61847000000.0,3122000000.0,1550000000.0,42258000000.0,-495871000000.0,416151000000.0,-888000000.0,-1049000000.0,26493781000000.0,24308876000000.0,2184905000000.0,2171510000000.0,13395000000.0,210918000000.0,30079000000.0,0.7861488067384184,0.4933372487083231,0.5085548534975,0.3996085152993438,0.39450197263663933,0.01277886348062232,0.2221140035023513,0.023691923853183094,61466000000.0,0.00337679748068143
2018,2,387451000000.0,192269000000.0,192269000000.0,160442000000.0,158923000000.0,160657000000.0,197216000000.0,36559000000.0,195182000000.0,77376000000.0,83458000000.0,,9898000000.0,-3336000000.0,215000000.0,186532000000.0,-228421000000.0,33099000000.0,2230790000000.0,2044258000000.0,13417000000.0,120146000000.0,9440000000.0,1551000000.0,83458000000.0,-983978000000.0,899933000000.0,-1173000000.0,-3143000000.0,27303080000000.0,25110879000000.0,2192201000000.0,2178599000000.0,13602000000.0,224604000000.0,32443000000.0,1.1610574080183247,0.7311940918676942,0.5037591850324299,0.4140962341044416,0.41017573835143023,0.009467595766694507,0.18537542592893072,0.028367458078569937,173115000000.0,0.0013382547912633748
2018,3,577055000000.0,282700000000.0,282700000000.0,239627000000.0,238024000000.0,240120000000.0,296523000000.0,56403000000.0,294355000000.0,121597000000.0,116933000000.0,,12655000000.0,-5727000000.0,493000000.0,882902000000.0,-517980000000.0,-36473000000.0,3409504000000.0,2526602000000.0,35048000000.0,247619000000.0,,,,,,,,28198135000000.0,25917274000000.0,2280861000000.0,2266963000000.0,13898000000.0,241183000000.0,33954000000.0,3.676919873396635,,0.5100986907660449,0.41525851088717713,0.4124806127665474,0.006689563363060089,0.1902145870640726,,847854000000.0,0.0020531400966183576
2018,4,773789000000.0,402602000000.0,402602000000.0,297676000000.0,295539000000.0,298723000000.0,372413000000.0,73690000000.0,371187000000.0,185041000000.0,161594000000.0,,18821000000.0,-6920000000.0,1047000000.0,724133000000.0,-731745000000.0,-35924000000.0,3723910000000.0,2999777000000.0,53024000000.0,186288000000.0,19447000000.0,3207000000.0,161594000000.0,-942798000000.0,1152466000000.0,-1787000000.0,-8188000000.0,27699540000000.0,25354657000000.0,2344883000000.0,2330001000000.0,14882000000.0,253525000000.0,35081000000.0,2.424095232037707,1.4993301875267873,0.47970053851889854,0.38469918802154074,0.38193745323337497,0.007178946236848117,0.19787171768976916,0.029276714970101668,671109000000.0,0.0035049192730389023
2019,1,235501000000.0,132402000000.0,132402000000.0,82005000000.0,81535000000.0,82690000000.0,103567000000.0,20877000000.0,103099000000.0,38646000000.0,58274000000.0,,-2230000000.0,6029000000.0,685000000.0,1044774000000.0,-311311000000.0,75528000000.0,2200172000000.0,1155398000000.0,1709000000.0,145847000000.0,,,,,,,,29246572000000.0,26817619000000.0,2428953000000.0,2413627000000.0,15326000000.0,250126000000.0,37703000000.0,12.63482887894546,,0.43778582681177575,0.3482150818892489,0.34621933664825205,0.0057313578440339,0.2015796537507121,,1043065000000.0,0.00828395211029145
2019,2,442915000000.0,233984000000.0,233984000000.0,167931000000.0,167133000000.0,168690000000.0,209209000000.0,40519000000.0,208931000000.0,82880000000.0,99180000000.0,,-1081000000.0,9061000000.0,759000000.0,907293000000.0,-314067000000.0,138375000000.0,2757562000000.0,1850269000000.0,11153000000.0,102422000000.0,12006000000.0,1596000000.0,99180000000.0,-1244545000000.0,1970175000000.0,-792000000.0,-1230000000.0,29990476000000.0,27561581000000.0,2428895000000.0,2413376000000.0,15519000000.0,245369000000.0,38421000000.0,5.378463453672417,3.223386340381992,0.47171804973866316,0.37914949821071764,0.3773477981102469,0.004751951694445933,0.19367713626086833,0.030710181411783298,896140000000.0,0.004499377556464521
2019,3,646942000000.0,334844000000.0,334844000000.0,251712000000.0,250508000000.0,252688000000.0,313154000000.0,60466000000.0,312098000000.0,129426000000.0,137756000000.0,,1091000000.0,10970000000.0,976000000.0,1208221000000.0,-477902000000.0,168783000000.0,3437975000000.0,2229754000000.0,25682000000.0,121222000000.0,,,,,,,,30426381000000.0,27755753000000.0,2670628000000.0,2654896000000.0,15732000000.0,248072000000.0,39616000000.0,4.781473595896917,,0.48242037153253303,0.3890797011169471,0.38721863783770416,0.00478324434274091,0.1930871073018387,,1182539000000.0,0.0038624707148736783
2019,4,855428000000.0,464860000000.0,464860000000.0,312224000000.0,310502000000.0,313361000000.0,391789000000.0,78428000000.0,390568000000.0,199050000000.0,178957000000.0,,9500000000.0,11312000000.0,1137000000.0,481240000000.0,-662686000000.0,112874000000.0,3307729000000.0,2826489000000.0,26038000000.0,135146000000.0,25355000000.0,3189000000.0,178957000000.0,-1777326000000.0,1948615000000.0,-1215000000.0,-5862000000.0,30109436000000.0,27417433000000.0,2692003000000.0,2676186000000.0,15817000000.0,244902000000.0,39714000000.0,1.5357367381390792,0.9239299468957228,0.45657612329734354,0.36499155978060105,0.3629785323837892,0.005515271087424414,0.20017917807799607,0.03336809176225235,455202000000.0,0.0036284030239883075
2020,1,226979000000.0,120138000000.0,120138000000.0,84494000000.0,84109000000.0,85013000000.0,107120000000.0,22107000000.0,106841000000.0,37728000000.0,59492000000.0,,11185000000.0,5770000000.0,519000000.0,1907890000000.0,-310983000000.0,-17460000000.0,3134929000000.0,1227039000000.0,1402000000.0,43498000000.0,,,,,,,,32094478000000.0,29314184000000.0,2780294000000.0,2763853000000.0,16441000000.0,244179000000.0,41735000000.0,22.442332349170126,,0.47070874398072066,0.37225470197683486,0.3705585098180889,0.00455653655880891,0.20637602688573561,,1906488000000.0,0.006104948654911602
2020,2,448456000000.0,259302000000.0,259302000000.0,148790000000.0,148164000000.0,149796000000.0,189351000000.0,39555000000.0,189154000000.0,82950000000.0,125456000000.0,,18233000000.0,6751000000.0,1006000000.0,1873733000000.0,-560389000000.0,-96376000000.0,3676487000000.0,1802754000000.0,8780000000.0,55861000000.0,13192000000.0,1624000000.0,125456000000.0,-1177535000000.0,2875486000000.0,-730000000.0,-2191000000.0,33112010000000.0,30365254000000.0,2746756000000.0,2730866000000.0,15890000000.0,242700000000.0,42055000000.0,12.508564981708457,6.4596336031551225,0.42178942861730023,0.3317828281927324,0.3303869275915586,0.004207271994085624,0.20889776130044205,0.03303780080988993,1864953000000.0,0.006715800154877299
2020,3,665693000000.0,381996000000.0,381996000000.0,228675000000.0,227669000000.0,230173000000.0,284126000000.0,53953000000.0,283697000000.0,130114000000.0,179730000000.0,,25104000000.0,8469000000.0,1498000000.0,2020442000000.0,-1006315000000.0,-34988000000.0,4518488000000.0,2498046000000.0,12401000000.0,64021000000.0,,,,,,,,33471851000000.0,30649771000000.0,2822080000000.0,2806279000000.0,15801000000.0,236451000000.0,41346000000.0,8.777927906400837,,0.4261679182445962,0.3435142024927407,0.3420029953747448,0.004399256586859079,0.18989110465075354,,2008041000000.0,0.006508148218948356
2020,4,882665000000.0,491283000000.0,491283000000.0,315906000000.0,314097000000.0,317685000000.0,392126000000.0,74441000000.0,391382000000.0,196848000000.0,202668000000.0,,29965000000.0,12797000000.0,1779000000.0,1557616000000.0,-1135097000000.0,-46949000000.0,4512978000000.0,2955362000000.0,30995000000.0,96943000000.0,26139000000.0,3514000000.0,202668000000.0,-1662922000000.0,2935841000000.0,-1238000000.0,-3704000000.0,33345058000000.0,30435543000000.0,2909515000000.0,2893502000000.0,16013000000.0,249067000000.0,35173000000.0,4.903020287391598,2.8319981963833123,0.44340944752539185,0.3579002226212663,0.3558507474523177,0.0057263869632105755,0.18983949036789197,0.03359485195402559,1526621000000.0,0.005599886680202087
2021,1,234191000000.0,125998000000.0,125998000000.0,85730000000.0,85252000000.0,86297000000.0,108420000000.0,22123000000.0,108193000000.0,41188000000.0,62862000000.0,,7503000000.0,-1779000000.0,567000000.0,612669000000.0,-38230000000.0,31433000000.0,1795721000000.0,1183052000000.0,1303000000.0,81343000000.0,5171000000.0,872000000.0,62862000000.0,-401088000000.0,926801000000.0,-455000000.0,1214000000.0,34367549000000.0,31373317000000.0,2994232000000.0,2977677000000.0,16555000000.0,249932000000.0,33684000000.0,7.099539960832938,3.947558665481115,0.46198615659867376,0.36606872168443705,0.3640276526425012,0.005575644465181383,0.20404906843755766,0.025803724310498696,611366000000.0,0.006570332688274216
2021,2,467793000000.0,260194000000.0,260194000000.0,163473000000.0,162638000000.0,164509000000.0,208070000000.0,43561000000.0,207599000000.0,90157000000.0,124547000000.0,,17890000000.0,1329000000.0,1036000000.0,377546000000.0,-216564000000.0,40260000000.0,2614082000000.0,2236536000000.0,6366000000.0,234661000000.0,12939000000.0,1710000000.0,124547000000.0,-1506984000000.0,1696168000000.0,-873000000.0,-4178000000.0,35136284000000.0,32089477000000.0,3046807000000.0,3029890000000.0,16917000000.0,248984000000.0,32487000000.0,2.2949869004127432,1.243133962233088,0.4437838958684717,0.34945584906144384,0.3476708715179577,0.005107877141790999,0.20935742778872496,0.031315132975482746,371180000000.0,0.006297527794831894
2021,3,712093000000.0,396235000000.0,396235000000.0,251821000000.0,250389000000.0,253330000000.0,316517000000.0,63187000000.0,315858000000.0,142857000000.0,179318000000.0,,26420000000.0,9834000000.0,1509000000.0,966450000000.0,-430166000000.0,-36569000000.0,3563565000000.0,2597115000000.0,10503000000.0,179183000000.0,18311000000.0,2614000000.0,179318000000.0,-1287026000000.0,1991929000000.0,-1139000000.0,-9483000000.0,35398066000000.0,32234781000000.0,3163285000000.0,3146096000000.0,17189000000.0,250135000000.0,30526000000.0,3.814984407689575,2.1307485233909427,0.44356284923458034,0.35363498868827525,0.35162401540248256,0.005686578958863637,0.19963224724106446,0.029385206707550838,955947000000.0,0.005956657324438479
2021,4,942762000000.0,519198000000.0,519198000000.0,348338000000.0,345899000000.0,350216000000.0,424899000000.0,74683000000.0,423564000000.0,225945000000.0,202623000000.0,,33999000000.0,14473000000.0,1878000000.0,360882000000.0,-674556000000.0,-11553000000.0,3361214000000.0,3000332000000.0,21862000000.0,203613000000.0,27328000000.0,3991000000.0,202623000000.0,-1671052000000.0,1756844000000.0,-2077000000.0,-8494000000.0,35171383000000.0,31896125000000.0,3275258000000.0,3257755000000.0,17503000000.0,270017000000.0,18182000000.0,1.0304554903259702,0.6177814906241119,0.4492798818789896,0.36948667850422484,0.36689959926259225,0.00700182007131005,0.1757664762684779,0.03322047345989762,339020000000.0,0.0053624049158233775
2022,1,230106000000.0,121100000000.0,121100000000.0,90145000000.0,88889000000.0,90315000000.0,110805000000.0,20490000000.0,109006000000.0,43046000000.0,70849000000.0,,9069000000.0,-4750000000.0,170000000.0,1207219000000.0,-117119000000.0,13364000000.0,2726332000000.0,1519113000000.0,2043000000.0,105838000000.0,6982000000.0,1061000000.0,70662000000.0,-881996000000.0,1996592000000.0,-390000000.0,-6772000000.0,37296465000000.0,33941551000000.0,3354914000000.0,3336786000000.0,18128000000.0,267685000000.0,17802000000.0,13.366760781708464,7.1424624304816,0.4737208069324572,0.39175423500473694,0.3862958810287433,0.013933107770813689,0.18491945309327196,0.03495345623321426,1205176000000.0,0.0018823008359630184
2022,2,458259000000.0,250411000000.0,250411000000.0,171670000000.0,169748000000.0,172819000000.0,210003000000.0,37184000000.0,207848000000.0,97410000000.0,133849000000.0,,22291000000.0,-3975000000.0,1149000000.0,1410405000000.0,-681130000000.0,30198000000.0,3946576000000.0,2536171000000.0,11181000000.0,114223000000.0,14415000000.0,2078000000.0,133849000000.0,-1954850000000.0,3186635000000.0,-957000000.0,-15553000000.0,38744376000000.0,35411070000000.0,3333306000000.0,3314198000000.0,19108000000.0,272938000000.0,17896000000.0,8.161168621505738,4.364403501660163,0.45356010465697344,0.3746134827684781,0.3704193480106228,0.01119589910875517,0.1770641371789927,0.03599056428788087,1399224000000.0,0.006648574520162713
2022,3,675221000000.0,352846000000.0,352846000000.0,266566000000.0,264509000000.0,267749000000.0,324476000000.0,56727000000.0,322375000000.0,153803000000.0,169630000000.0,,34362000000.0,-9389000000.0,1183000000.0,1842551000000.0,-678488000000.0,-42813000000.0,5106536000000.0,3263985000000.0,23973000000.0,214954000000.0,21620000000.0,3254000000.0,169630000000.0,-2128949000000.0,3733612000000.0,-1013000000.0,-18563000000.0,39550661000000.0,36121656000000.0,3429005000000.0,3409851000000.0,19154000000.0,280529000000.0,17282000000.0,6.881635412270447,3.9860228056929863,0.47743627641912795,0.3947833376035402,0.39173692761332957,0.0077166630402977126,0.17482648947842058,0.03683830923505045,1818578000000.0,0.004418317155246145
2022,4,875734000000.0,453201000000.0,453201000000.0,361132000000.0,358558000000.0,362110000000.0,424720000000.0,62610000000.0,422533000000.0,228085000000.0,182677000000.0,,41504000000.0,-11583000000.0,978000000.0,1404657000000.0,-910621000000.0,-64789000000.0,5124554000000.0,3719897000000.0,13713000000.0,180862000000.0,29416000000.0,4597000000.0,182677000000.0,-2747693000000.0,3875721000000.0,-1548000000.0,-19024000000.0,39610146000000.0,36094727000000.0,3515419000000.0,3496109000000.0,19310000000.0,274839000000.0,17072000000.0,3.87908922703046,2.4268434692467173,0.4824901168619695,0.41237636085843415,0.40943711218246637,0.007127587696465558,0.1474147673761537,0.038839419275716144,1390944000000.0,0.0027008367623097954
2023,1,227596000000.0,121573000000.0,121573000000.0,90164000000.0,89266000000.0,90770000000.0,106586000000.0,15816000000.0,106023000000.0,45414000000.0,65022000000.0,,8719000000.0,4383000000.0,606000000.0,1105614000000.0,-318788000000.0,174073000000.0,3214923000000.0,2109309000000.0,1026000000.0,101715000000.0,7077000000.0,1227000000.0,65022000000.0,-1149866000000.0,2176997000000.0,-640000000.0,-2683000000.0,42033895000000.0,38432323000000.0,3601572000000.0,3581383000000.0,20189000000.0,270832000000.0,16115000000.0,12.180389996694943,6.737604816692667,0.46583859118789434,0.39615810471185786,0.3922125169159388,0.009959629120269731,0.14838721783348657,0.036485702736427705,1104588000000.0,0.006676214608350777
2023,2,447494000000.0,244618000000.0,244618000000.0,173744000000.0,172336000000.0,174720000000.0,203655000000.0,28935000000.0,202876000000.0,99749000000.0,122255000000.0,122067000000.0,23606000000.0,4872000000.0,976000000.0,1297269000000.0,-456821000000.0,231872000000.0,4534577000000.0,3237308000000.0,3549000000.0,80785000000.0,14813000000.0,2540000000.0,122255000000.0,-2279061000000.0,3445332000000.0,-1060000000.0,-10563000000.0,43669606000000.0,40073186000000.0,3596420000000.0,3575999000000.0,20421000000.0,274404000000.0,24482000000.0,7.424845467032967,4.127118805833397,0.4533602685175667,0.38825995432340993,0.38511354342181126,0.008103876968413297,0.1420785151358916,0.03877817356210363,1293720000000.0,0.005586080586080586
2023,3,651268000000.0,338065000000.0,338065000000.0,268673000000.0,266873000000.0,269929000000.0,314245000000.0,44316000000.0,313203000000.0,156443000000.0,147815000000.0,147575000000.0,37611000000.0,144000000.0,1256000000.0,1909119000000.0,-695857000000.0,134063000000.0,5848289000000.0,3939170000000.0,6052000000.0,121394000000.0,22193000000.0,3897000000.0,147815000000.0,-2511626000000.0,4237608000000.0,-1385000000.0,-10306000000.0,44482823000000.0,40806945000000.0,3675878000000.0,3656043000000.0,19835000000.0,271028000000.0,24855000000.0,7.072670961623242,4.301425758278996,0.48091261968959015,0.41253830988164625,0.40977447072480144,0.0066995939301678995,0.14102372352782064,0.04006031311226715,1903067000000.0,0.0046530754383560125
2023,4,843070000000.0,422310000000.0,422310000000.0,363993000000.0,361411000000.0,365116000000.0,421966000000.0,56850000000.0,420760000000.0,227266000000.0,150816000000.0,148808000000.0,45876000000.0,2711000000.0,1123000000.0,1417002000000.0,-891852000000.0,285444000000.0,5638770000000.0,4221768000000.0,14494000000.0,41140000000.0,29518000000.0,5256000000.0,150816000000.0,-3098980000000.0,4314214000000.0,-1813000000.0,-8203000000.0,44697079000000.0,40920491000000.0,3776588000000.0,3756887000000.0,19701000000.0,272832000000.0,24186000000.0,3.8809638580615475,2.5730643937055344,0.49908074062651975,0.4317470672660633,0.42868445087596524,0.007093543007695203,0.13472649455169375,0.04124687155277735,1402508000000.0,0.003075734834956562
2024,1,219843000000.0,117764000000.0,117764000000.0,87653000000.0,87084000000.0,88062000000.0,102455000000.0,14393000000.0,102079000000.0,45685000000.0,60075000000.0,59918000000.0,9202000000.0,5982000000.0,409000000.0,1367252000000.0,-199921000000.0,65894000000.0,3485474000000.0,2118222000000.0,5038000000.0,77985000000.0,6863000000.0,1364000000.0,60075000000.0,-1337855000000.0,2615183000000.0,-416000000.0,387000000.0,47600027000000.0,43723412000000.0,3876615000000.0,3857572000000.0,19043000000.0,270787000000.0,23353000000.0,15.526015761622494,8.744033153411271,0.46432681504528234,0.3987072592713891,0.3961190485937692,0.0064915062804467615,0.140481186862525,0.037422160359893195,1362214000000.0,0.004644455043037859
2024,2,420499000000.0,224083000000.0,224083000000.0,170467000000.0,169215000000.0,171296000000.0,197184000000.0,25888000000.0,196416000000.0,99453000000.0,,101809000000.0,21635000000.0,8399000000.0,829000000.0,26983000000.0,-788118000000.0,182804000000.0,2755977000000.0,2728994000000.0,7852000000.0,54572000000.0,14148000000.0,2770000000.0,101809000000.0,-1963389000000.0,1900901000000.0,-785000000.0,482000000.0,47116536000000.0,43252035000000.0,3864501000000.0,3843526000000.0,20975000000.0,273886000000.0,22229000000.0,0.15752265084999065,0.09303744875406433,0.4671021809802164,0.4053921650229846,0.40241475009453054,0.007344530026339409,0.13128854268094775,0.040233151565164244,19131000000.0,0.004839575938725948
2024,3,626422000000.0,318931000000.0,318931000000.0,269025000000.0,267617000000.0,270475000000.0,308402000000.0,37927000000.0,307491000000.0,156926000000.0,,128945000000.0,31086000000.0,11835000000.0,1450000000.0,1077248000000.0,-1129281000000.0,339970000000.0,4177836000000.0,3100588000000.0,25765000000.0,147028000000.0,20690000000.0,4185000000.0,128945000000.0,-1746538000000.0,2707780000000.0,-1007000000.0,-1688000000.0,48357755000000.0,44435477000000.0,3922278000000.0,3901083000000.0,21195000000.0,268997000000.0,21990000000.0,3.982800628523893,2.5389127847370343,0.49086877536229573,0.429462886041678,0.4272151999770123,0.005233714338816095,0.12297909870882809,0.0397096525984081,1051483000000.0,0.005360939088640355
2024,4,821803000000.0,400918000000.0,400918000000.0,365863000000.0,364277000000.0,366946000000.0,421827000000.0,54881000000.0,420885000000.0,230460000000.0,,125739000000.0,40930000000.0,12220000000.0,1083000000.0,579194000000.0,-1471468000000.0,415683000000.0,4378721000000.0,3799527000000.0,35585000000.0,163798000000.0,28604000000.0,5934000000.0,125739000000.0,-2035485000000.0,2452079000000.0,-1308000000.0,1020000000.0,48821746000000.0,44834480000000.0,3987266000000.0,3969841000000.0,17425000000.0,279394000000.0,21117000000.0,1.5784175328249934,1.0985749862961214,0.5121482885801099,0.4451955030585189,0.4432656001499143,0.004334955980790624,0.1301030991377982,0.04202710381928516,543609000000.0,0.0029513879426400617
2025,1,212774000000.0,113277000000.0,113277000000.0,84156000000.0,83868000000.0,84709000000.0,99610000000.0,14901000000.0,99497000000.0,46754000000.0,,56969000000.0,13335000000.0,-2538000000.0,553000000.0,942479000000.0,-797534000000.0,386082000000.0,3039252000000.0,2096773000000.0,3413000000.0,72212000000.0,6846000000.0,1471000000.0,56969000000.0,-1410670000000.0,2307417000000.0,-306000000.0,-2164000000.0,51547045000000.0,47486219000000.0,4060826000000.0,4036224000000.0,24602000000.0,278669000000.0,21789000000.0,11.126078692936996,6.28340278009267,0.4676182240311316,0.3955182494101723,0.3941647005743183,0.0034222158847853987,0.14959341431583176,0.039088422457631104,939066000000.0,0.006528231947018617
2025,2,427092000000.0,228186000000.0,228186000000.0,168103000000.0,167716000000.0,168803000000.0,199008000000.0,30205000000.0,198906000000.0,102922000000.0,,104007000000.0,32885000000.0,-988000000.0,700000000.0,786317000000.0,-1177672000000.0,536328000000.0,3865515000000.0,3079198000000.0,13190000000.0,130897000000.0,14024000000.0,2944000000.0,104007000000.0,-2206178000000.0,2917737000000.0,-548000000.0,-4501000000.0,52317931000000.0,48179055000000.0,4138876000000.0,4114692000000.0,24184000000.0,281018000000.0,19248000000.0,4.658193278555476,2.7135151736846828,0.46572167120901353,0.3935990372097815,0.39269290925608535,0.00230215998524714,0.15177781797716675,0.03972914500856958,773127000000.0,0.004146845731414726
2025,3,640028000000.0,321518000000.0,321518000000.0,269908000000.0,269404000000.0,271882000000.0,318663000000.0,46781000000.0,318510000000.0,161592000000.0,,126140000000.0,48615000000.0,4172000000.0,1974000000.0,1549207000000.0,-1978307000000.0,190094000000.0,4995709000000.0,3446502000000.0,19149000000.0,112855000000.0,20652000000.0,4391000000.0,126140000000.0,-2160446000000.0,3614166000000.0,-653000000.0,-9612000000.0,52813421000000.0,48619638000000.0,4193783000000.0,4168427000000.0,25356000000.0,277704000000.0,18761000000.0,5.698085934339161,3.6618651980192167,0.49765010280800215,0.4217128000649972,0.4209253345166149,0.0018673029328511938,0.14680399042248393,0.03912797565106527,1530058000000.0,0.007260502718090937
2025,4,838270000000.0,414159000000.0,414159000000.0,368562000000.0,368126000000.0,370766000000.0,424435000000.0,53669000000.0,424111000000.0,235173000000.0,,132973000000.0,63286000000.0,511000000.0,2204000000.0,1890530000000.0,-2417582000000.0,35005000000.0,5780022000000.0,3889492000000.0,38239000000.0,213955000000.0,28254000000.0,6231000000.0,132973000000.0,-2608677000000.0,4357711000000.0,-832000000.0,-4030000000.0,53477773000000.0,49205749000000.0,4272024000000.0,4244259000000.0,27765000000.0,272933000000.0,19114000000.0,5.098984265008118,3.512533814917209,0.5059360349290801,0.43966979612773927,0.43914967731160603,0.0011829759986108173,0.12644810159388364,0.04113829673017047,1852291000000.0,0.0059444501383622015
2026,1,230370000000.0,128393000000.0,128393000000.0,86941000000.0,86795000000.0,88013000000.0,101953000000.0,13940000000.0,101977000000.0,48790000000.0,,69294000000.0,14638000000.0,733000000.0,1072000000.0,1416276000000.0,-776484000000.0,-379279000000.0,3285148000000.0,1868872000000.0,4504000000.0,24226000000.0,6682000000.0,1511000000.0,69294000000.0,-1254817000000.0,2594270000000.0,-777000000.0,-7514000000.0,55772584000000.0,51416825000000.0,4355759000000.0,4327391000000.0,28368000000.0,265193000000.0,19241000000.0,16.091668276277368,8.557558912386707,0.44266614576550767,0.3773972305421713,0.37676346746538175,0.0016792997550062686,0.13672966955361784,0.035564526631071756,1411772000000.0,0.012180018860850102
2026,2,465859000000.0,256303000000.0,256303000000.0,173682000000.0,173082000000.0,176475000000.0,210010000000.0,33535000000.0,209556000000.0,105754000000.0,,127018000000.0,35869000000.0,6208000000.0,2793000000.0,1369013000000.0,-1454367000000.0,213990000000.0,4113089000000.0,2744076000000.0,13569000000.0,49970000000.0,14254000000.0,2990000000.0,127018000000.0,-2059823000000.0,3318203000000.0,-481000000.0,-11861000000.0,57070593000000.0,52714749000000.0,4355844000000.0,4326994000000.0,28850000000.0,259794000000.0,22513000000.0,7.757546394673467,4.268335115686684,0.44982709360557593,0.3728209608486688,0.37153301750100354,0.00345458942204719,0.15968287224417885,0.03701549181190017,1355444000000.0,0.01582660433489163
