,,revenue,operating_cost,total_operate_cost,parent_net_profit,deduct_parent_net_profit,net_profit,total_profit,income_tax,operating_profit,sale_expense,manage_expense,research_expense,finance_expense,asset_impairment,credit_impairment,other_income,invest_income,fairvalue_change,asset_disposal,minority_interest,netcash_operate,netcash_invest,netcash_finance,sales_services,total_operate_inflow,total_operate_outflow,construct_long_asset,receive_tax_refund,receive_other_operate,depr_fa,depr_biology,amort_ia,amort_lpe,amort_rou,amort_defer_income,impairment_provision,inventory_reduce,operate_rece_reduce,operate_payable_add,disposal_longasset_loss,fa_scrap_loss,defer_tax,total_assets,total_liabilities,total_equity,total_parent_equity,minority_equity,fixed_asset,inventory_bs,monetaryfunds,cip,goodwill,short_loan,long_loan,cash_conversion_naive,cash_conversion_adjusted,gross_margin,net_margin,deduct_net_margin,nonrecurring_ratio,effective_tax_rate,collect_ratio,dep_to_revenue,free_cash_flow,minority_ratio
2012,4,32994607.3,23754949.13,28622949.29,3336312.22,3336300.0,3336312.22,4371658.01,1035345.79,4371658.01,1219623.92,3303289.25,,9699.09,,,,,,,,-10326486.36,-22603734.41,35000000.0,29213401.78,29213401.78,39539888.14,24203734.41,,,1282318.26,1282318.26,,2258.81,,,,-12577648.38,-13523336.81,11153609.54,,,,55564466.47,12228154.25,43336312.22,43336312.22,,22511597.86,12130511.38,2070520.42,,,,,-3.095179851003273,-2.2347400493553047,0.2800354035430512,0.1011168943356389,0.10111652397208558,3.6627267457015428e-06,0.23683137785062014,0.8853992870525845,0.03893294011109506,-34530220.769999996,
2013,2,25530277.72,18282039.86,22799006.12,2157118.21,,2157118.21,2729181.45,572063.24,2731271.6,1385703.44,2837855.53,,33841.46,,,,,,,,-7727103.97,-825391.43,40500000.0,31058092.92,40820218.05,48547322.02,825391.43,0.0,9762125.13,1009579.6,1009579.6,0.0,0.0,,0.0,0.0,-10840572.63,-33613077.07,33526006.46,0.0,,,,,,,,,,,,,,,-3.582142107084618,-2.440114097909456,0.2839075210812082,0.08449254777632713,,,0.20960982275473108,1.2165199791645667,0.039544403357943576,-8552495.4,
2013,4,71337249.46,49483002.48,62180685.02,8030167.75,7745593.24,8030167.75,9491357.98,1461190.23,9156564.44,5937894.64,5758250.11,,7987.03,53075.0,,,,,,,-3521010.06,-7120319.78,10500000.0,63899938.57,89733044.15,93254054.21,5435269.78,,25833105.58,2041236.47,2041236.47,4271.37,,,-213750.0,50906.9,-18371932.48,-7961486.63,12687114.99,2317.31,,-7636.04,88327794.53,27197452.04,61130342.49,61130342.49,,23377476.65,32690429.81,2508746.09,,,,,-0.4384727903100156,-0.3476997361624218,0.3063511299556628,0.11256626532121415,0.10857712203136015,0.035438177490127745,0.1539495436879518,0.8957443559108594,0.028673769390940018,-8956279.84,
2014,2,38792754.59,28767444.49,33954490.12,4275964.22,4109542.9,4275964.22,5034054.26,758090.04,4838264.47,947694.01,4100325.53,,3689.87,-47000.0,,,,,,,-7383121.23,-257517.0,10000000.0,52570768.7,58652403.24,66035524.47,257517.0,0.0,6081634.54,1152040.34,1152040.34,20855.97,,,-85500.0,-47000.0,-10329276.97,10522199.06,-12909062.28,,,12968.56,96761425.08,30400724.83,66360700.25,66360700.25,,23383311.38,40839602.28,4865066.87,50427.36,,10000000.0,,-1.7266564569148806,-1.3667737604473105,0.2584325399409592,0.11022584668690318,0.1059358363032915,0.038920185351784785,0.15059234582028524,1.3551697799143063,0.030234932331986274,-7640638.23,
2014,4,121065713.79,87829319.07,112142445.6,8192282.38,14690568.78,8192282.38,9941557.24,1749274.86,8923268.19,9240717.37,12356502.55,,601134.1,748166.11,,,,,,,-24630134.03,-1711191.36,27410806.66,108833778.57,149743193.71,174373327.74,2120241.36,,40909415.14,2363794.45,2363794.45,47303.11,,,,748166.11,-17980628.16,-27943546.68,2253859.68,,,-112224.92,138507962.42,44617138.22,93890824.2,93890824.2,,23564430.68,50671057.97,8426362.35,,,10000000.0,,-3.0065045231021443,-2.1697603059100485,0.27453185282211034,0.06766806326529651,0.12134375885712935,-0.7932205090811334,0.175955820378096,0.8989644975685067,0.019915610163438,-26750375.39,
2015,2,96834877.14,67043938.92,81078358.78,13515206.03,13448395.52,13515206.03,15900872.38,2385666.35,15822271.78,3681252.49,9115369.23,,-258517.44,,,,65753.42,,,,-17233622.15,-9324216.76,40807833.33,94884782.84,105700704.71,122934326.86,9389970.18,,10815921.87,1297865.6,1297865.6,21537.72,-79999.98,,,,-17350860.06,-10084983.48,-2707344.01,-2003846.14,,,189530314.37,28588592.84,160941721.53,160941721.53,,25375600.23,67248844.43,22679310.04,86451.14,,,,-1.2751283340961395,-1.1680161580584087,0.307646780786735,0.13956960992949113,0.13887966729752593,0.004943358603020851,0.15003367695728906,0.9798616535942868,0.012799141968323253,-26623592.33,
2015,4,257066885.83,182764759.04,220302304.7,31609027.12,31335639.81,31609027.12,37010748.54,5401721.42,36830334.55,13499785.47,17936023.86,,30435.3,1900240.44,,,65753.42,,,,4018768.94,-66938678.17,157044023.23,231299075.17,296950957.76,292932188.82,45020431.59,58368.2,65593514.39,3079327.25,3079327.25,78836.04,147882.04,,,1900240.44,-27560285.42,-40241696.2,35235654.36,-4013.13,,-889298.6,367368867.06,74360117.62,293008749.44,293008749.44,,48637238.58,78231343.39,102082811.33,7434772.99,,,,0.127139912428915,0.10916025491913182,0.28903810986817063,0.12296032224431759,0.12189683517122644,0.00864902639876005,0.14595007215706532,0.8997622327869936,0.012860642549605977,-41001662.650000006,
2016,2,165116730.27,113697626.26,140023090.84,21383996.32,21118265.61,21383996.32,25406263.8,4022267.48,25093639.43,9716338.16,15061128.13,,-789985.13,,,,,,,,-82469410.81,-7333191.43,,125911583.6,175034998.8,257504409.61,19263415.72,426186.22,48697228.98,2688043.3,2688043.3,94614.72,578485.24,,,,-57045594.79,-48536469.36,-1633016.68,530.44,,,400796421.46,86577713.27,314218708.19,314218708.19,,59299408.63,131102830.43,12331962.54,961618.1,,,,-3.856594884131555,-3.3327518943014995,0.31141062402289055,0.12950835620977197,0.1278990056032921,0.012426615961931708,0.15831794519901032,0.7625610281532859,0.020356164117977842,-101732826.53,
2016,3,242513704.36,172850414.49,209060424.18,28333556.49,27808356.49,28333556.49,34076489.09,5742932.6,33741522.36,12832462.27,20477672.69,,-583726.3,851514.26,,,288242.18,,,,-86337341.53,-1726708.36,-450000.0,202614611.64,257709584.96,344046926.49,21036333.72,426964.22,54668009.1,,,,,,,,,,,,,,408717858.69,87622904.84,321094953.85,321094953.85,,57904464.91,133759517.89,24576898.14,12038474.73,,,,-3.0471762893751713,,0.2872550648378542,0.11683280565431546,0.11466715484548379,0.01853632459396205,0.16853064248585709,0.8354769565485185,,-107373675.25,
2016,4,348164109.2,247945728.39,301346076.66,40811321.17,40070601.38,40811321.17,48514471.23,7703150.06,47242095.25,16388811.11,30338285.33,,-365535.33,3283052.53,,,288242.18,,-666653.7,,-88924348.62,-2010101.01,29320658.34,287026453.31,352626933.36,441551281.98,24349920.55,488470.55,65112009.5,5795444.64,5795444.64,189979.44,597637.08,,,3283052.53,-70232448.89,-88210089.77,20017551.08,666653.7,,-972595.99,453327576.12,119507505.51,333820070.61,333820070.61,,66837202.95,148463792.28,39117047.41,4826637.48,,30000000.0,,-2.1789137442913122,-1.7547128986630798,0.2878481100199515,0.11721863366035894,0.11509113180009539,0.018149860596635006,0.1587804600297609,0.8243998899528154,0.01890792584889448,-113274269.17,
2017,1,53899417.79,39001410.08,46770510.2,2827500.48,2782837.77,2827500.48,4196833.5,1369333.02,4144289.14,1614691.77,5549596.13,,415241.39,,,,-2984618.45,,,,-26098092.61,-3730531.0,-424125.0,71322241.92,79537793.08,105635885.69,3730531.0,,8215551.16,,,,,,,,,,,,,,,,,,,,,,,,,,-9.230093078534155,,0.2764038707810317,0.05245883157803957,0.0516302009205803,0.01579582755720698,0.32627766147977993,1.3232469819596544,,-29828623.61,
2017,2,179550996.87,135105708.28,157745377.23,19424974.92,19125582.66,19424974.92,22161375.24,2736400.32,22153722.61,8512559.25,10810035.74,1676536.95,1028799.3,-213393.87,,375000.01,,,-26897.04,,-24373838.75,-4566310.44,3017093.32,153282829.27,177667637.41,202041476.16,4681785.0,,24384808.14,3274538.01,3274538.01,95873.05,298818.54,,,-213393.87,200715.22,-23809743.49,-24537887.89,26897.04,,-130142.58,460355257.4,108065770.61,352289486.79,352289486.79,,78013027.45,148263077.06,14931378.47,,,36000000.0,,-1.254768093672267,-1.0652524127242842,0.24753573839625992,0.10818639416446255,0.10651894444143611,0.015412748857232584,0.12347610607941675,0.8537007977793691,0.020435584674902283,-29055623.75,
2017,3,230849256.73,169865450.75,201093690.67,26721147.94,,26721147.94,30752615.79,4031467.85,30744963.1,12077306.2,13656600.33,3079708.59,1528711.46,-213393.87,,962500.0,,,26897.04,,-35199796.58,-12858743.09,16540337.47,223400783.4,277390412.0,312590208.58,12974217.65,,53989628.6,,,,,,,,,,,,,,,,,,,,,,,,,,-1.3173010627776194,,0.2641715500575612,0.11575150086470891,,,0.1310934938845409,0.9677344712497312,,-48174014.23,
2017,4,407380510.24,289031887.4,342616239.73,52171706.03,51141703.49,52171706.03,60587971.52,8416265.49,60590318.98,18492186.64,22997227.64,7362084.96,2518373.56,-5436851.04,,1274562.85,15233.7,,-26897.04,,-12636497.66,-33257421.29,35439631.93,344496059.28,423024793.76,435661291.42,17488129.55,,78528734.48,7008396.5,7008396.5,216328.22,597637.08,,,5436851.04,12612071.44,-112296468.76,19824949.1,26897.04,,-706768.61,565353738.66,179361962.02,385991776.64,385991776.64,,77804707.65,135851720.84,37220463.33,,,30000000.0,40000000.0,-0.24220978422161826,-0.1931273147043304,0.2905112538895818,0.12806627886853028,0.12553792389299848,0.01974255048143763,0.13890984099412873,0.845637065644223,0.019201610296456288,-30124627.21,
2018,1,53991226.14,38466318.8,49876356.14,4306603.11,3427105.51,4306603.11,5149573.06,842969.95,5162369.78,3529709.94,6024034.46,738672.92,1038388.78,,,1047499.78,,,,,-22112527.97,-6581696.0,-12874151.68,95151354.99,108261129.3,130373657.27,6651696.0,,13109774.31,,,,,,,,,,,,,,543947620.66,153666773.7,390280846.96,390280846.96,,79063278.27,159343447.06,11485504.72,,,18100000.0,40000000.0,-5.1345636932863306,,0.28754500406684047,0.07976486955182159,0.06347523023673268,0.20422072281464554,0.16369705608177157,1.762348473866313,,-28764223.97,
2018,2,186324514.18,133725506.03,164967404.78,19507260.75,18281856.32,19507260.75,22825042.02,3317781.27,22819814.08,11980064.06,12233673.83,2474936.4,2496381.87,1479468.79,,1382194.19,65918.47,,14592.02,,-65182607.23,7524649.47,42707698.61,190644694.74,228386894.17,293569501.4,8411269.0,,37742199.43,4203188.41,4203188.41,135285.58,298818.54,,,1479468.79,-40782892.84,-34780694.97,-16997175.99,14592.02,,-592972.72,611281080.13,207230516.03,404050564.1,404050564.1,,79902944.78,177375322.02,22636500.82,,,75000000.0,40000000.0,-3.3414536292595565,-2.5438085813356466,0.28229784138434083,0.10469508446513315,0.09811836301013346,0.06281786283089488,0.14535707172380488,1.0231863240272638,0.02488825772823491,-73593876.22999999,
2018,3,280726048.19,202961117.87,248011317.7,29932619.66,27863256.29,29932619.66,35231793.28,5299173.62,35227768.78,16349437.64,17939077.95,4261740.57,4117606.67,1475783.51,,2432527.8,65918.47,,14592.02,,-67317485.58,7102621.88,41057189.22,313862438.13,373254607.52,440572093.1,8935496.59,,59392169.39,,,,,,,,,,,,,,625030788.68,210554865.67,414475923.01,414475923.01,,78300131.7,177659485.09,18060399.1,42958.08,,75000000.0,40000000.0,-2.2489673922512936,,0.27701358965936573,0.10662572943619793,0.09925426040672111,0.06913405487075905,0.1504088531028075,1.118038173349602,,-76252982.17,
2018,4,435074410.15,310338686.27,372891111.75,48220665.22,45839042.94,48220665.22,56536181.75,8315516.53,55488093.46,21616403.01,27230878.55,6224369.92,5801907.2,-8457978.57,,1654855.33,93326.28,,14592.02,,-44154808.88,6899179.71,39424620.17,417490277.04,487853405.19,532008214.07,9966346.57,,70363128.15,8474779.53,8474779.53,271048.6,597637.08,,,8457978.57,-40476129.01,-40589687.68,-33331993.26,-14592.02,2603.45,-1394073.18,629780795.32,195568353.46,434212441.86,434212441.86,,77259445.01,176327849.85,35101777.99,,,75000000.0,,-0.9156822843183499,-0.6687882218364155,0.28669974829591804,0.1108331450782753,0.1053590877114472,0.04939007517076309,0.14708309391622473,0.9595836190321156,0.021475556805969503,-54121155.45,
2019,1,71138805.12,54350369.22,66025150.21,6376541.95,4335104.67,6376541.95,7515345.83,1138803.88,7515405.33,3186755.06,5512644.03,1243227.78,1220076.11,,,2401750.42,,,,,8994900.02,-385250.0,-28391655.48,139351859.03,148643752.44,139648852.42,385250.0,126726.45,9165166.96,,,,,,,,,,,,,,628738331.0,188193087.7,440545243.3,440545243.3,,74603333.22,199720892.11,15304930.2,,,48100000.0,,1.4106235151483633,,0.23599547211512126,0.08963521300707503,0.060938677036919,0.32014802004086246,0.15153046922392924,1.958872640536136,,8609650.02,
2019,2,196455113.29,146524417.97,171767976.11,22388609.33,19901023.42,22388609.33,25890254.75,3501645.42,25925231.44,7523255.88,10820423.04,3312224.83,2904807.06,,-1711543.59,2853500.84,84226.51,,11910.5,,3784066.17,-18722.49,-16941776.66,219708686.08,241207764.52,237423698.35,466949.0,341076.63,21158001.81,3719137.85,3719137.85,135763.02,298818.54,,,1711543.59,-612340.02,3857755.91,-29189998.27,,-11910.5,-256731.55,669367658.24,212810347.56,456557310.68,456557310.68,,72298799.32,175358120.4,20473634.8,,,65000000.0,,0.16901747286864646,0.13393088656318708,0.25415828829201353,0.11396297584248029,0.10130061308520295,0.11110944290169525,0.13524955446797987,1.1183658312607723,0.02114335096927932,3317117.17,
2019,3,281129762.61,207354582.11,245127797.38,32743668.53,29380738.56,32743668.53,38246828.25,5503159.72,38311809.91,10534008.46,17605346.72,4670929.44,4074893.48,-1711543.59,,3925251.26,84226.51,,11910.5,,1769312.98,-18722.49,-23500444.0,308255051.06,337591708.38,335822395.4,466949.0,341076.63,28995580.69,,,,,,,,,,,,,,629463571.51,162551201.63,466912369.88,466912369.88,,70248904.61,175419375.14,13189573.58,,,75800000.0,,0.05403527031123412,,0.2624239419372517,0.11647172546232315,0.10450952715653487,0.10270474021317619,0.1438853879340962,1.096486719151219,,1302363.98,
2019,4,465485155.42,335855042.31,394226627.61,51138350.29,48504384.36,51138350.29,59569750.02,8431399.73,59633926.5,17750125.17,26514275.15,6586320.08,5474803.2,-1310997.15,-13481891.65,3072150.48,84226.51,,11910.5,,49220165.03,-10095747.31,33260534.13,415318510.32,459049720.09,409829555.06,481208.0,341076.63,43390133.14,8440446.63,8440446.63,271526.04,597637.08,,,1310997.15,31995218.22,-84203919.89,23183113.84,-11910.5,34841.24,-2487287.26,758453500.06,201895964.27,556557535.79,556557535.79,,71020248.71,146136499.5,106266649.51,,17166195.03,81900000.0,,0.9624902788392238,0.796972087442722,0.2784838820327939,0.10986032464098379,0.10420178558913495,0.05150666603562819,0.14153827617489137,0.8922271859459504,0.019999799438502146,48738957.03,
2020,1,42509243.99,28849307.17,38221007.98,6472034.36,5686234.36,6472034.36,7468505.0,996470.64,7675045.38,2774498.48,5111932.01,791325.16,414683.86,,2256065.29,1130744.08,,,,,-36651855.23,-42877.86,-32243852.19,89549698.56,100176563.07,136828418.3,37699.8,334933.87,10291930.64,,,,,,,,,,,,,,,,,,,,,,,,,,-5.663111966234987,,0.3213403847693317,0.15225004616695842,0.1337646550792022,0.12141468297149151,0.13342303981854467,2.1065935348336455,,-36689555.029999994,
2020,2,180054007.83,127657003.56,151396091.55,23294605.97,22394499.3,23294605.97,26357396.16,3062790.19,26580941.64,6869534.45,12355013.01,2687967.64,1111828.81,,-3359469.14,1282494.5,,,,,-39513981.45,-476256.74,-32922676.4,225894372.89,252318691.67,291832673.12,479475.92,986300.38,25438018.4,4171416.29,4171416.29,135763.02,302614.19,,,,-37395211.45,5775005.56,-39717038.21,,,-552434.77,741058134.87,162075425.22,578982709.65,578982709.65,,67515086.49,183531710.95,40224160.96,,17166195.03,50000000.0,,-1.6962717249172687,-1.4160484439911154,0.29100715336184696,0.12937565928548428,0.12437656661963346,0.038640132877079014,0.11620230509142979,1.254592306011209,0.025602282090562447,-39993457.370000005,
2020,3,302061428.27,215128979.27,251652784.13,40505676.89,38822204.66,40505676.89,46755301.54,6249624.65,46921161.53,10567491.96,19155668.12,4436847.55,1149484.39,,-5633898.16,2199845.99,,,-53430.44,,-84012614.2,-2263373.11,128692559.92,285207160.5,328489543.85,412502158.05,2266592.29,986300.38,42296082.97,,,,,,,,,,,,,,935332064.32,162758445.68,772573618.64,772573618.64,,66597676.97,213019285.75,154511185.97,170013.92,17166195.03,38000000.0,,-2.074094809676936,,0.2877972520287983,0.13409748183337622,0.12852420410757795,0.041561389890403685,0.13366665263945168,0.9442025158043857,,-86279206.49000001,
2020,4,513991349.06,380426234.22,436730778.32,55283027.65,52726871.87,55283027.65,63602257.85,8319230.2,63804974.97,16916845.7,27378082.95,8840047.65,1029250.3,738158.93,-17403714.23,3192760.65,94821.94,,-77623.06,,-46836976.18,-2399805.35,108200220.9,478853515.23,541161733.92,587998710.1,2544627.29,963982.04,61344236.65,8625191.52,8625191.52,271526.04,375191.19,,,-738158.93,-66358624.76,-98445448.44,37610156.16,77623.06,21625.6,-3583008.18,960846468.44,173495499.04,787350969.4,787350969.4,,65556546.29,212495124.26,181465827.63,701959.37,17166195.03,18000000.0,,-0.8472216188398285,-0.7339288826048583,0.2598586826106454,0.1075563387420877,0.10258318932104246,0.046237622805016566,0.13080086275584948,0.9316373049969403,0.01803903658486995,-49381603.47,
2021,1,70351131.6,49146232.3,62639491.21,10406859.56,10082734.44,10406859.56,12846487.12,2439627.56,12837151.41,4260452.04,6965001.87,2188349.53,-479762.18,,4753527.57,371983.45,,,,,-27232083.56,-10679264.63,-10220641.67,113235267.42,126058517.24,153290600.8,2879264.63,465.91,12822783.91,,,,,,,,,,,,,,899642438.67,101884609.71,797757828.96,797757828.96,,63679766.06,225110792.67,134493184.07,727566.92,17166195.03,8000000.0,,-2.6167436394231496,,0.301415184343673,0.14792739396390892,0.14332014582690808,0.031145334299101567,0.1899062005987517,1.6095727935668345,,-30111348.189999998,
2021,2,212820875.22,155068286.85,184997869.43,21697662.71,21284094.99,21697662.71,25539541.45,3841878.74,25482213.85,9556799.5,14720012.11,5291460.08,-678324.5,,-2769877.2,430241.9,,,-1156.64,,-16268371.26,-30324732.59,4245915.07,244467947.85,269422944.74,285691316.0,3061334.59,314919.47,24640077.42,4431566.21,4431566.21,135763.02,66018.81,,,,-24001701.64,19391678.7,-42209626.51,848.94,307.7,1030022.02,935759345.51,131934873.4,803824472.11,803824472.11,,61658891.61,236496825.9,138645859.96,1205177.94,17166195.03,8000000.0,19906440.0,-0.7497752858192531,-0.6178407435422888,0.27136712181217765,0.10195269936546594,0.10000943266490152,0.019060473265141032,0.1504286499239398,1.1487028591405113,0.021771116368215077,-19329705.85,
2021,3,358288198.03,257766690.05,303362511.55,44258092.52,41466804.75,44258092.52,52161631.7,7903539.18,52273762.97,13535168.62,23609591.83,7688527.55,-628923.45,,-6047785.34,3397018.47,,,-1156.64,,13777103.78,-63400770.26,-4119740.45,403644238.45,442337955.54,428560851.76,9137372.26,314310.63,38379406.46,,,,,,,,,,,,,,969612468.33,143227566.41,826384901.92,826384901.92,,65097163.29,259685251.56,116825246.2,1470959.06,17166195.03,,19906440.0,0.31129004879218863,,0.28056047766212816,0.1235265151443649,0.115735893557197,0.06306841553866414,0.15152016764843648,1.1265909417876006,,4639731.52,
2021,4,589013277.03,436940047.41,502047505.63,58167745.49,55663565.06,58167745.49,68690123.44,10522377.95,70800930.62,16375290.43,34085518.5,13147315.75,-560148.67,22851.0,-21151156.17,4410997.09,,552467.26,0.04,,14611198.23,-72059880.26,-4464229.85,585674565.66,651104345.26,636493147.03,16796482.26,416707.12,65013072.48,9079598.86,9079598.86,271526.04,348262.17,782671.98,,-22851.0,-57285027.28,-48193759.12,31129675.69,-0.04,31692.69,-1491072.41,1027562381.05,187279718.17,840282662.88,840282662.88,,67290183.43,269803002.54,108519985.68,2798740.45,17166195.03,,,0.25119072618195093,0.2129075745943421,0.2581830249851133,0.09875455742407208,0.09450307358210011,0.043051014078421,0.153186184898782,0.9943316874165641,0.017795963960021435,-2185284.030000001,
2022,1,75738200.93,56770852.7,71446758.53,10196688.47,6445802.62,10196688.47,11467892.02,1271203.55,11432006.39,4159366.55,7314745.6,2839838.91,19232.6,,2763664.34,4260070.96,113388.71,,3439.98,,-59189280.64,48582060.97,-228116.1,91468234.2,105338628.26,164527908.9,95795.0,3095.46,13867298.6,,,,,,,,,,,,,,1002971882.21,152492530.86,850479351.35,850479351.35,,67443779.37,315381919.27,97672868.03,2799444.45,17166195.03,,,-5.8047552216724725,,0.2504330443170985,0.1346307193040425,0.08510636034195537,0.367853334054051,0.1108489291478348,1.2076895552950653,,-59285075.64,
2022,2,254361423.52,196306795.35,229192562.42,20020771.05,17140748.18,20020771.05,22506015.32,2485244.27,24644055.9,8205441.38,16269014.48,7173218.38,-222900.58,,-6051079.92,5409446.03,113388.71,,3439.98,,-27380195.64,47819004.67,-13739384.8,266987113.93,291661827.81,319042023.45,858851.3,2048446.09,22626267.79,4571189.25,4571189.25,135763.02,238998.49,477233.28,,,-37533991.85,-7503288.5,-12462196.3,-3439.98,136.75,-1991031.22,1023474623.7,176231589.77,847243033.93,847243033.93,,65360494.32,307336994.39,115465758.73,2809308.01,17166195.03,,,-1.3675894685384757,-1.076098253716891,0.2282367639188624,0.07870993475716966,0.06738737322191567,0.14385174590965621,0.11042577882684922,1.049636812985548,0.021320780348493308,-28239046.94,
2022,3,428953732.75,331068952.75,378676528.86,40131440.07,36323655.1,40131344.07,46010009.25,5878665.18,48137277.57,12119578.81,23784277.34,9784631.45,-356988.06,,-8746913.6,6208871.34,113388.71,293256.49,-8529.26,-96.0,-25837032.95,-4892922.53,-14076539.0,454341451.92,492798009.98,518635042.93,12575578.5,2054243.98,36402314.08,,,,,,,,,,,,,,1039332161.23,171978554.28,867353606.95,867353702.95,-96.0,69876254.21,309649232.22,66805857.96,97908.7,17166195.03,,,-0.6438118021896594,,0.22819426088791858,0.09355657033852913,0.08467965733071244,0.09488283907475535,0.12776926750998208,1.0591852156344244,,-38412611.45,-2.392145148005754e-06
2022,4,659915579.7,522146323.46,589076038.73,49573272.98,45534670.03,49573176.98,55700842.43,6127665.45,53278750.41,13712621.71,34164239.25,15266867.3,-179692.49,-174710.92,-19714934.88,1645558.55,352644.56,328995.75,1656.38,-96.0,68747530.92,-62127694.95,-14451628.04,725909135.44,785928376.11,717180845.19,17330606.77,3223295.38,56795945.29,9773426.42,9773426.42,271526.04,261772.39,782671.98,,174710.92,-28446771.61,19926516.9,1095312.82,-1656.38,136.75,-5132356.01,1076532106.52,199816027.52,876716079.0,876716175.0,-96.0,74557264.88,300553831.39,92808649.21,,17166195.03,,,1.3867888868154603,1.1300229986447656,0.20876800075341526,0.07512062831208832,0.06900075014246553,0.08146734535017171,0.11001028319635776,1.1000030273114645,0.01680426583509557,51416924.150000006,-1.9365311212297455e-06
2023,1,122111110.88,97471835.68,112352150.0,10834918.16,9912323.8,10834918.16,12820896.93,1985978.77,12632730.37,3199315.7,7719558.61,2982344.24,240021.33,,1976514.19,409410.53,123323.03,351950.73,12571.01,,-50957783.91,33769176.78,-346554.0,173584807.8,180901127.95,231858911.86,1440766.36,,7316320.15,,,,,,,,,,,,,,1073287131.1,185681505.74,887605625.36,887605721.36,-96.0,72157409.91,351902331.24,74699122.76,,17166195.03,,,-4.703107412303702,,0.20177750429453786,0.08872999419887025,0.08117462635927501,0.0851500995555281,0.15490170312132756,1.42153164072501,,-52398550.269999996,
2023,2,319761253.36,262586949.48,295122588.96,19091244.13,17563151.84,19091244.13,22719090.33,3627846.2,22535886.8,6801558.3,17131954.37,6992661.9,439715.17,,-3717156.93,490859.52,699777.8,,423742.01,,-57637408.24,88121276.33,-15750224.64,338788426.47,358361609.78,415999018.02,7621497.22,1194373.81,18378809.5,4680527.58,4680527.58,135763.02,18978.17,547443.84,,,-70226924.04,-31111766.01,17079552.91,-423742.01,451.67,-1191953.23,1103071536.9,220269985.57,882801551.33,882801647.33,-96.0,70758485.66,369939092.89,107119617.19,12123494.59,17166195.03,,,-3.019049353071156,-2.3550506708953187,0.1788031016241699,0.05970468256986194,0.05492582874081589,0.08004152477411115,0.15968272264886937,1.0595043111385933,0.016833536125591575,-65258905.46,
2023,3,451016882.76,367253179.97,415514151.52,24095842.32,22826789.89,24095842.32,28352917.84,4257075.52,28180197.86,9780426.86,25745768.39,10450943.97,660918.56,,-8642643.48,667548.41,746033.64,,-93471.95,,-106723898.02,83750387.06,-16101029.64,459138034.2,483704597.36,590428495.38,12179142.33,1300021.53,23266541.63,,,,,,,,,,,,,,1096236801.44,208430651.92,887806149.52,887806245.52,-96.0,78961670.94,379248795.78,50801174.02,6770540.24,17166195.03,,,-4.429141617158457,,0.18572187869644163,0.053425588356128435,0.050611830205360274,0.052666863152016165,0.15014594067613604,1.0180063136224582,,-118903040.35,
2023,4,749574065.89,611584285.29,684390705.42,33287377.04,30029845.7,33287377.04,38549570.17,5262193.13,38188931.63,14149899.65,37150506.63,17747649.61,1070046.42,-841662.54,-29624688.57,2827205.88,746033.64,0.0,-101317.25,,-78887533.89,82663778.79,-6820956.25,664747737.92,702537712.23,781425246.12,13277637.6,1983166.9,35806807.41,10572662.16,10572662.16,296525.04,53072.94,1716153.75,,841662.54,-34277222.51,-128193308.32,11314590.38,101317.25,451.67,-4914956.14,1147851693.79,250908637.75,896943056.04,896943152.04,-96.0,84458141.03,333989391.36,91845373.17,344533.25,17166195.03,10300000.0,,-2.3698933621355707,-1.686804134858532,0.18409092160380322,0.04440838945044948,0.04006254627332168,0.09786085987146316,0.13650458634932167,0.886833961005198,0.01686079396969784,-92165171.49,
2024,1,130479010.48,106432011.88,122757466.98,8803289.16,8685878.86,8803289.16,9849408.09,1046118.93,9843813.45,3362272.55,8870402.68,2908148.23,677283.58,,1990911.17,131358.78,,,,,-68972482.84,-4625528.3,40817325.55,136503134.51,143613209.74,212585692.58,4625528.3,155544.08,6954531.15,,,,,,,,,,,,,,1192092663.21,286346318.01,905746345.2,905746441.2,-96.0,85924986.13,362325480.77,57597481.59,4095.13,17166195.03,72800000.0,,-7.834853721878654,,0.18429783082763312,0.06746900614600676,0.06656916563090721,0.013337094563868756,0.10621135000610987,1.0461692957958428,,-73598011.14,
2024,2,285005804.75,234911388.61,271592342.33,9956351.19,6812223.39,9956351.19,9671837.85,-284513.34,9619620.88,6547312.0,18963109.52,8052635.35,2055435.2,,-7441169.63,3618972.52,,,28355.57,,-119249228.18,-7904820.5,85621584.34,260397550.4,277854513.84,397103742.02,7923620.5,644289.88,16812673.56,5670591.53,5670591.53,285757.02,49929.9,3556859.42,,,-88302013.0,-60102079.07,1865654.09,-28355.57,,-1999834.36,1270518638.14,376679630.91,893839007.23,893839103.23,-96.0,87014204.15,422291404.36,48022084.28,,17166195.03,102800000.0,30000000.0,-11.977201878914439,-6.109239223088557,0.17576630126513235,0.03493385406214257,0.023902051384446406,0.3157911708817495,-0.029416678030846022,0.9136570064894441,0.03355418630293705,-127172848.68,
2024,3,467382458.29,382651557.48,440031384.78,20741167.97,17636282.1,20741167.97,22272488.02,1531320.05,22378631.45,10367704.16,29379150.17,11456135.98,3810262.87,,-8726098.17,3721759.94,,,31896.17,,-125098813.61,-10986400.5,96721940.36,451822773.08,476141345.17,601240158.78,10945800.5,2613798.87,21704773.22,,,,,,,,,,,,,,1323306829.97,418683005.96,904623824.01,904623920.01,-96.0,87279538.45,434995861.77,51201026.69,,17166195.03,112800000.0,34500000.0,-6.031425703265254,,0.18128814915305708,0.044377292305503226,0.03773415494566357,0.1496967709094734,0.06875388365345274,0.9667088806308053,,-136044614.11,
2024,4,983575322.75,831171063.75,919267076.96,7948923.03,4664506.32,7948923.03,7953141.1,4218.07,7534101.5,15489046.15,44455219.13,18346986.39,5483781.97,-5985052.41,-54156135.14,3336373.58,,,30669.68,,69506556.35,-13464567.13,90335825.04,971263070.95,1007025893.18,937519336.83,13733987.13,2420308.47,33342513.76,11728884.86,11728884.86,546527.04,102916.26,7629901.75,,5985052.41,-5382988.11,-145131609.72,137237552.6,-30669.68,335.0,-11256613.28,,,,,,,,,,,,,8.744147614422175,2.0477914040432257,0.15494925042841615,0.008081661715317776,0.004742398687838573,0.4131901513707323,0.0005303652917713229,0.9874821464963397,0.020342346383862647,55772569.21999999,
2025,1,157942514.63,135000955.02,153550441.31,5061808.06,4934999.56,5061808.06,5585974.16,524166.1,5553769.27,2099747.54,10457222.38,3303900.55,1622963.71,,1044660.73,117035.22,,,,,-76743372.23,-4112299.98,-21990835.31,189856439.0,193526619.65,270269991.88,4112299.98,307721.41,3362459.24,,,,,,,,,,,,,,1330195964.84,433302577.71,896893387.13,896893483.13,-96.0,82795489.98,364405706.39,131351160.08,1435000.0,17166195.03,80081736.14,38359496.33,-15.161256871126799,,0.1452525918290173,0.032048420096754286,0.031245542541606674,0.0250520166898624,0.09383611255373225,1.2020603790231044,,-80855672.21000001,
2025,2,301536082.09,252191952.05,290191389.26,5271509.33,5056551.54,5271509.33,4790278.41,-481230.92,4724262.55,5935236.27,19573983.41,7175694.05,3407550.23,,-6807318.43,186888.15,,,,,-161304122.17,-7467389.25,60254940.13,261077112.15,266577048.47,427881170.64,7467389.25,322942.28,5176994.04,6160636.14,6160636.14,135763.02,86306.37,4568511.84,,,-56801922.05,-40609682.58,-86474278.01,,,-4033063.11,1392310463.33,500431534.93,891878928.4,891879024.4,-96.0,84878527.7,390189249.11,125870052.71,734544.79,17166195.03,170134249.98,24096462.48,-30.599229190779027,-9.943095581459804,0.16364253888949892,0.017482184199855075,0.016769308352592983,0.040777275831929534,-0.10045990625417531,0.8658237857984634,0.03631809929377331,-168771511.42,
2025,3,406760817.96,355474145.11,412118819.46,-8900431.9,-9734929.13,-8900431.9,-11990115.65,-3089683.75,-12141292.2,8281541.38,29857337.75,10306091.99,5573793.02,1764293.7,-9370464.7,822880.3,,,,,-172588864.78,-10585400.19,99990384.08,383205250.95,390564577.09,563153441.87,10635400.19,504099.77,6855226.37,,,,,,,,,,,,,,,,,,,,,,,,,,,,0.1260855780239959,-0.021881242014994792,-0.023932809405839365,,,0.9420898818914353,,-183224264.97,
2025,4,1030563588.49,891036770.34,974167309.05,-16769481.7,-18244934.79,-16769385.7,-14894837.22,1874548.48,-15642897.66,12409367.92,43246268.96,14670441.41,7798156.15,-13267640.82,-59711788.61,919769.91,,,20482.42,96.0,-15295209.79,-15493077.5,82394059.12,728102219.28,747537160.72,762832370.51,15572077.5,437257.9,18997683.54,12470328.37,12470328.37,338192.68,228472.08,9203564.99,,13267640.82,94795233.6,-289876991.33,104097159.32,-20482.42,6404.71,-10665958.42,,,,,,,,,,,,,,-0.8162315080525345,0.1353888490805668,-0.016272146510212863,-0.01770384185291545,,,0.706508775792116,0.021580966345402575,-30867287.29,
2026,1,136544947.66,113195673.42,136056815.32,2974951.13,2741511.34,2974951.13,3620139.46,645188.33,3593657.85,3441949.94,13112874.06,3240128.24,1819795.31,,2874484.96,151125.48,,,79915.07,,-58796304.58,-6663598.0,29190891.49,259952672.44,261638374.98,320434679.56,6663598.0,105046.42,1580656.12,,,,,,,,,,,,,,,,,,,,,,,,,,-19.763788381962428,,0.1710006458689355,0.021787339487709903,0.020077720830992775,0.0784684452950997,0.17822195446580943,1.9037882901920913,,-65459902.58,
2026,2,314402995.42,268664899.56,315543885.91,-6703084.54,-7167832.05,-6703084.54,-7851637.2,-1148552.66,-7953184.47,7166495.15,27190491.97,6558382.24,3631042.35,,-7219290.19,199986.74,,,207009.47,,107124981.33,-6413810.78,25461037.26,605787909.37,611415117.89,504290136.56,6413810.78,71752.85,5555455.67,6009208.74,6009208.74,203858.22,151850.05,4851958.44,,,-40940276.38,122047539.63,14830731.22,-207009.47,,-3962858.75,,,,,,,,,,,,,,23.732818702938108,0.14547601812412786,-0.02132004032291608,-0.02279823078792472,,,1.9267879701996764,0.035676744857394777,100711170.55,
